1;как;как;SCONJ;_;_;_;_;_;@d1990m-words#@d1990m#459.975#460.211
2;вы;вы;PRON;_;Case=Nom|Number=Plur|Person=2;_;_;_;@d1990m-words#@d1990m#460.211#460.447
3;придумываете;придумывать;VERB;_;Aspect=Imp|Mood=Ind|Number=Plur|Person=2|Tense=Pres|VerbForm=Fin|Voice=Act;_;_;_;@d1990m-words#@d1990m#460.447#460.683
4;музыку;музыка;NOUN;_;Animacy=Inan|Case=Acc|Gender=Fem|Number=Sing;_;_;_;@d1990m-words#@d1990m#460.683#460.919
5;?;?;PUNCT;_;_;_;_;_;@d1990m-words#@d1990m#460.919#461.159
6;как;как;SCONJ;_;_;_;_;_;@d1990m-words#@d1990m#488.101#488.329
7;у;у;ADP;_;_;_;_;_;@d1990m-words#@d1990m#488.329#488.557
8;вас;вы;PRON;_;Case=Gen|Number=Plur|Person=2;_;_;_;@d1990m-words#@d1990m#488.557#488.785
9;проходит;проходить;VERB;_;Aspect=Imp|Mood=Ind|Number=Sing|Person=3|Tense=Pres|VerbForm=Fin|Voice=Act;_;_;_;@d1990m-words#@d1990m#488.785#489.013
10;запись;запись;NOUN;_;Animacy=Inan|Case=Nom|Gender=Fem|Number=Sing;_;_;_;@d1990m-words#@d1990m#489.013#489.241
11;/;/;PUNCT;_;_;_;_;_;@d1990m-words#@d1990m#489.241#489.469
12;сам;сам;DET;_;Case=Nom|Degree=Pos|Gender=Masc|Number=Sing;_;_;_;@d1990m-words#@d1990m#489.469#489.697
13;процесс;процесс;NOUN;_;Animacy=Inan|Case=Nom|Gender=Masc|Number=Sing;_;_;_;@d1990m-words#@d1990m#489.697#489.925
14;?;?;PUNCT;_;_;_;_;_;@d1990m-words#@d1990m#489.925#490.154
15;вы;вы;PRON;_;Case=Nom|Number=Plur|Person=2;_;_;_;@d1990m-words#@d1990m#530.719#531.041
16;очень;очень;ADV;_;_;_;_;_;@d1990m-words#@d1990m#531.041#531.363
17;много;много;ADV;_;Degree=Pos;_;_;_;@d1990m-words#@d1990m#531.363#531.685
18;потратили;потратить;VERB;_;Aspect=Perf|Mood=Ind|Number=Plur|Tense=Past|VerbForm=Fin|Voice=Act;_;_;_;@d1990m-words#@d1990m#531.685#532.007
19;времени;время;NOUN;_;Animacy=Inan|Case=Gen|Gender=Neut|Number=Sing;_;_;_;@d1990m-words#@d1990m#532.007#532.329
20;на;на;ADP;_;_;_;_;_;@d1990m-words#@d1990m#532.329#532.651
21;третий;третий;ADJ;_;Animacy=Inan|Case=Acc|Degree=Pos|Gender=Masc|Number=Sing;_;_;_;@d1990m-words#@d1990m#532.651#532.973
22;альбом;альбом;NOUN;_;Animacy=Inan|Case=Acc|Gender=Masc|Number=Sing;_;_;_;@d1990m-words#@d1990m#532.973#533.3
23;в;в;ADP;_;_;_;_;_;@d1990m-words#@d1990m#536.158#536.323
24;два;два;NUM;_;Animacy=Inan|Case=Acc|Gender=Masc;_;_;_;@d1990m-words#@d1990m#536.323#536.488
25;раза;раз;NOUN;_;Animacy=Inan|Case=Gen|Gender=Masc|Number=Sing;_;_;_;@d1990m-words#@d1990m#536.488#536.654
26;там;там;INTJ;_;_;_;_;_;@d1990m-words#@d1990m#538.508#538.714
27;/;/;PUNCT;_;_;_;_;_;@d1990m-words#@d1990m#538.714#538.92
28;ааа;ааа;INTJ;_;_;_;_;_;@d1990m-words#@d1990m#538.92#539.126
29;/;/;PUNCT;_;_;_;_;_;@d1990m-words#@d1990m#539.126#539.332
30;речь;речь;NOUN;_;Animacy=Inan|Case=Nom|Gender=Fem|Number=Sing;_;_;_;@d1990m-words#@d1990m#539.332#539.538
31;шла;идти;VERB;_;Aspect=Imp|Gender=Fem|Mood=Ind|Number=Sing|Tense=Past|VerbForm=Fin|Voice=Act;_;_;_;@d1990m-words#@d1990m#539.538#539.744
32;о;о;ADP;_;_;_;_;_;@d1990m-words#@d1990m#539.744#539.95
33;шестидесяти;шестьдесят;NUM;_;Case=Loc;_;_;_;@d1990m-words#@d1990m#539.95#540.156
34;часах;час;NOUN;_;Animacy=Inan|Case=Loc|Gender=Masc|Number=Plur;_;_;_;@d1990m-words#@d1990m#540.156#540.362
35;/;/;PUNCT;_;_;_;_;_;@d1990m-words#@d1990m#540.362#540.568
36;и;и;CCONJ;_;_;_;_;_;@d1990m-words#@d1990m#540.568#540.774
37;о;о;ADP;_;_;_;_;_;@d1990m-words#@d1990m#540.774#540.98
38;ста;сто;NUM;_;Case=Gen;_;_;_;@d1990m-words#@d1990m#540.98#541.186
39;двадцати;двадцать;NUM;_;Case=Gen;_;_;_;@d1990m-words#@d1990m#541.186#541.392
40;часах;час;NOUN;_;Animacy=Inan|Case=Loc|Gender=Masc|Number=Plur;_;_;_;@d1990m-words#@d1990m#541.392#541.6
41;а;а;CCONJ;_;_;_;_;_;@d1990m-words#@d1990m#543.718#543.932
42;как;как;SCONJ;_;_;_;_;_;@d1990m-words#@d1990m#543.932#544.146
43;думаешь;думать;VERB;_;Aspect=Imp|Mood=Ind|Number=Sing|Person=2|Tense=Pres|VerbForm=Fin|Voice=Act;_;_;_;@d1990m-words#@d1990m#544.146#544.36
44;/;/;PUNCT;_;_;_;_;_;@d1990m-words#@d1990m#544.36#544.574
45;в;в;ADP;_;_;_;_;_;@d1990m-words#@d1990m#544.574#544.788
46;связи;связь;NOUN;_;Animacy=Inan|Case=Loc|Gender=Fem|Number=Sing;_;_;_;@d1990m-words#@d1990m#544.788#545.002
47;с;с;ADP;_;_;_;_;_;@d1990m-words#@d1990m#545.002#545.216
48;чем;что;PRON;_;Case=Ins;_;_;_;@d1990m-words#@d1990m#545.216#545.43
49;/;/;PUNCT;_;_;_;_;_;@d1990m-words#@d1990m#545.43#545.644
50;ааа;ааа;INTJ;_;_;_;_;_;@d1990m-words#@d1990m#545.644#545.858
51;/;/;PUNCT;_;_;_;_;_;@d1990m-words#@d1990m#545.858#546.072
52;было;быть;AUX;_;Aspect=Imp|Gender=Neut|Mood=Ind|Number=Sing|Tense=Past|VerbForm=Fin|Voice=Act;_;_;_;@d1990m-words#@d1990m#546.072#546.286
53;потрачено;потратить;VERB;_;Aspect=Perf|Gender=Neut|Number=Sing|Tense=Past|Variant=Short|VerbForm=Part|Voice=Pass;_;_;_;@d1990m-words#@d1990m#546.286#546.5
54;/;/;PUNCT;_;_;_;_;_;@d1990m-words#@d1990m#546.5#546.714
55;в;в;ADP;_;_;_;_;_;@d1990m-words#@d1990m#546.714#546.928
56;два;два;NUM;_;Animacy=Inan|Case=Acc|Gender=Masc;_;_;_;@d1990m-words#@d1990m#546.928#547.142
57;раза;раз;NOUN;_;Animacy=Inan|Case=Gen|Gender=Masc|Number=Sing;_;_;_;@d1990m-words#@d1990m#547.142#547.356
58;больше;много;ADV;_;Degree=Cmp;_;_;_;@d1990m-words#@d1990m#547.356#547.57
59;времени;время;NOUN;_;Animacy=Inan|Case=Gen|Gender=Neut|Number=Sing;_;_;_;@d1990m-words#@d1990m#547.57#547.784
60;/;/;PUNCT;_;_;_;_;_;@d1990m-words#@d1990m#547.784#547.998
61;вы;вы;PRON;_;Case=Nom|Number=Plur|Person=2;_;_;_;@d1990m-words#@d1990m#547.998#548.212
62;что-то;что-то;PRON;_;Case=Acc;_;_;_;@d1990m-words#@d1990m#548.212#548.426
63;там;там;INTJ;_;_;_;_;_;@d1990m-words#@d1990m#548.426#548.64
64;/;/;PUNCT;_;_;_;_;_;@d1990m-words#@d1990m#548.64#548.854
65;ааа;ааа;INTJ;_;_;_;_;_;@d1990m-words#@d1990m#548.854#549.068
66;/;/;PUNCT;_;_;_;_;_;@d1990m-words#@d1990m#549.068#549.282
67;придумывали;придумывать;VERB;_;Aspect=Imp|Mood=Ind|Number=Plur|Tense=Past|VerbForm=Fin|Voice=Act;_;_;_;@d1990m-words#@d1990m#549.282#549.496
68;/;/;PUNCT;_;_;_;_;_;@d1990m-words#@d1990m#549.496#549.71
69;заморачивались;заморачиваться;VERB;_;Aspect=Imp|Mood=Ind|Number=Plur|Tense=Past|VerbForm=Fin|Voice=Mid;_;_;_;@d1990m-words#@d1990m#549.71#549.924
70;/;/;PUNCT;_;_;_;_;_;@d1990m-words#@d1990m#549.924#550.138
71;над;над;ADP;_;_;_;_;_;@d1990m-words#@d1990m#550.138#550.352
72;/;/;PUNCT;_;_;_;_;_;@d1990m-words#@d1990m#550.352#550.566
73;эээ;эээ;INTJ;_;_;_;_;_;@d1990m-words#@d1990m#550.566#550.78
74;/;/;PUNCT;_;_;_;_;_;@d1990m-words#@d1990m#550.78#550.994
75;какими-то;какой-то;DET;_;Case=Ins|Number=Plur;_;_;_;@d1990m-words#@d1990m#550.994#551.208
76;партиями;партия;NOUN;_;Animacy=Inan|Case=Ins|Gender=Fem|Number=Plur;_;_;_;@d1990m-words#@d1990m#551.208#551.422
77;?;?;PUNCT;_;_;_;_;_;@d1990m-words#@d1990m#551.422#551.665
78;угу;угу;INTJ;_;_;_;_;_;@d1990m-words#@d1990m#563.312#563.414
79;#усмешка#;#усмешка#;X;_;_;_;_;_;@d1990m-words#@d1990m#605.13#605.473
80;ммм;ммм;INTJ;_;_;_;_;_;@d1990m-words#@d1990m#609.1#609.5
81;на;на;ADP;_;_;_;_;_;@d1990m-words#@d1990m#613.745#614.001
82;альбоме;альбом;NOUN;_;Animacy=Inan|Case=Loc|Gender=Masc|Number=Sing;_;_;_;@d1990m-words#@d1990m#614.001#614.257
83;есть;быть;VERB;_;Aspect=Imp|Mood=Ind|Number=Sing|Person=3|Tense=Pres|VerbForm=Fin|Voice=Act;_;_;_;@d1990m-words#@d1990m#614.257#614.513
84;/;/;PUNCT;_;_;_;_;_;@d1990m-words#@d1990m#614.513#614.769
85;эээ;эээ;INTJ;_;_;_;_;_;@d1990m-words#@d1990m#614.769#615.028
86;пианино;пианино;NOUN;_;Animacy=Inan|Case=Nom|Gender=Neut|Number=Sing;_;_;_;@d1990m-words#@d1990m#615.677#616.084
87;определенная;определенный;ADJ;_;Case=Nom|Degree=Pos|Gender=Fem|Number=Sing;_;_;_;@d1990m-words#@d1990m#617.31#617.622
88;композиция;композиция;NOUN;_;Animacy=Inan|Case=Nom|Gender=Fem|Number=Sing;_;_;_;@d1990m-words#@d1990m#617.622#617.934
89;/;/;PUNCT;_;_;_;_;_;@d1990m-words#@d1990m#617.934#618.246
90;в;в;ADP;_;_;_;_;_;@d1990m-words#@d1990m#618.246#618.558
91;которой;который;DET;_;Case=Loc|Gender=Fem|Number=Sing;_;_;_;@d1990m-words#@d1990m#618.558#618.87
92;есть;быть;VERB;_;Aspect=Imp|Mood=Ind|Number=Sing|Person=3|Tense=Pres|VerbForm=Fin|Voice=Act;_;_;_;@d1990m-words#@d1990m#618.87#619.182
93;только;только;PART;_;_;_;_;_;@d1990m-words#@d1990m#619.182#619.494
94;пианино;пианино;NOUN;_;Animacy=Inan|Case=Nom|Gender=Neut|Number=Sing;_;_;_;@d1990m-words#@d1990m#619.494#619.808
95;это;это;DET;_;Case=Nom|Gender=Neut|Number=Sing;_;_;_;@d1990m-words#@d1990m#620.62#620.902
96;играет;играть;VERB;_;Aspect=Imp|Mood=Ind|Number=Sing|Person=3|Tense=Pres|VerbForm=Fin|Voice=Act;_;_;_;@d1990m-words#@d1990m#620.902#621.184
97;/;/;PUNCT;_;_;_;_;_;@d1990m-words#@d1990m#621.184#621.466
98;эээ;эээ;INTJ;_;_;_;_;_;@d1990m-words#@d1990m#621.466#621.748
99;Петар;Петар;PROPN;_;Animacy=Anim|Case=Nom|Gender=Masc|Number=Sing;_;_;_;@d1990m-words#@d1990m#621.748#622.033
100;получается;получаться;VERB;_;Aspect=Imp|Mood=Ind|Number=Sing|Person=3|Tense=Pres|VerbForm=Fin|Voice=Mid;_;_;_;@d1990m-words#@d1990m#623.711#624.006
101;/;/;PUNCT;_;_;_;_;_;@d1990m-words#@d1990m#624.006#624.301
102;у;у;ADP;_;_;_;_;_;@d1990m-words#@d1990m#624.301#624.596
103;него;он;PRON;_;Case=Gen|Gender=Masc|Number=Sing|Person=3;_;_;_;@d1990m-words#@d1990m#624.596#624.891
104;есть;быть;VERB;_;Aspect=Imp|Mood=Ind|Number=Sing|Person=3|Tense=Pres|VerbForm=Fin|Voice=Act;_;_;_;@d1990m-words#@d1990m#624.891#625.186
105;музыкальное;музыкальный;ADJ;_;Case=Nom|Degree=Pos|Gender=Neut|Number=Sing;_;_;_;@d1990m-words#@d1990m#625.186#625.481
106;образование;образование;NOUN;_;Animacy=Inan|Case=Nom|Gender=Neut|Number=Sing;_;_;_;@d1990m-words#@d1990m#625.481#625.776
107;какое-то;какой-то;DET;_;Case=Nom|Gender=Neut|Number=Sing;_;_;_;@d1990m-words#@d1990m#625.776#626.074
108;ммм;ммм;INTJ;_;_;_;_;_;@d1990m-words#@d1990m#629.13#629.586
109;для;для;ADP;_;_;_;_;_;@d1990m-words#@d1990m#632.563#632.747
110;меня;я;PRON;_;Case=Gen|Number=Sing|Person=1;_;_;_;@d1990m-words#@d1990m#632.747#632.931
111;это;это;PRON;_;Animacy=Inan|Case=Nom|Gender=Neut|Number=Sing;_;_;_;@d1990m-words#@d1990m#632.931#633.115
112;было;быть;AUX;_;Aspect=Imp|Gender=Neut|Mood=Ind|Number=Sing|Tense=Past|VerbForm=Fin|Voice=Act;_;_;_;@d1990m-words#@d1990m#633.115#633.299
113;открытие;открытие;NOUN;_;Animacy=Inan|Case=Nom|Gender=Neut|Number=Sing;_;_;_;@d1990m-words#@d1990m#633.299#633.483
114;/;/;PUNCT;_;_;_;_;_;@d1990m-words#@d1990m#633.483#633.667
115;на;на;ADP;_;_;_;_;_;@d1990m-words#@d1990m#633.667#633.851
116;самом;самый;DET;_;Case=Loc|Degree=Pos|Gender=Neut|Number=Sing;_;_;_;@d1990m-words#@d1990m#633.851#634.035
117;деле;дело;NOUN;_;Animacy=Inan|Case=Loc|Gender=Neut|Number=Sing;_;_;_;@d1990m-words#@d1990m#634.035#634.222
118;угу;угу;INTJ;_;_;_;_;_;@d1990m-words#@d1990m#658.074#658.336
119;еще;еще;ADV;_;_;_;_;_;@d1990m-words#@d1990m#704.497#704.765
120;один;один;NUM;_;Case=Nom|Gender=Masc;_;_;_;@d1990m-words#@d1990m#704.765#705.033
121;вопрос;вопрос;NOUN;_;Animacy=Inan|Case=Nom|Gender=Masc|Number=Sing;_;_;_;@d1990m-words#@d1990m#705.033#705.301
122;/;/;PUNCT;_;_;_;_;_;@d1990m-words#@d1990m#705.301#705.569
123;тоже;тоже;PART;_;_;_;_;_;@d1990m-words#@d1990m#705.569#705.837
124;про;про;ADP;_;_;_;_;_;@d1990m-words#@d1990m#705.837#706.105
125;альбом;альбом;NOUN;_;Animacy=Inan|Case=Acc|Gender=Neut|Number=Sing;_;_;_;@d1990m-words#@d1990m#706.105#706.373
126;/;/;PUNCT;_;_;_;_;_;@d1990m-words#@d1990m#706.373#706.641
127;про;про;ADP;_;_;_;_;_;@d1990m-words#@d1990m#706.641#706.909
128;последний;последний;ADJ;_;Animacy=Inan|Case=Acc|Degree=Pos|Gender=Masc|Number=Sing;_;_;_;@d1990m-words#@d1990m#706.909#707.177
129;/;/;PUNCT;_;_;_;_;_;@d1990m-words#@d1990m#707.177#707.445
130;есть;быть;VERB;_;Aspect=Imp|Mood=Ind|Number=Sing|Person=3|Tense=Pres|VerbForm=Fin|Voice=Act;_;_;_;@d1990m-words#@d1990m#707.445#707.713
131;/;/;PUNCT;_;_;_;_;_;@d1990m-words#@d1990m#707.713#707.981
132;эээ;эээ;INTJ;_;_;_;_;_;@d1990m-words#@d1990m#707.981#708.249
133;легенда;легенда;NOUN;_;Animacy=Inan|Case=Gen|Gender=Masc|Number=Sing;_;_;_;@d1990m-words#@d1990m#708.249#708.517
134;я;я;PRON;_;Case=Nom|Number=Sing|Person=1;_;_;_;@d1990m-words#@d1990m#708.517#708.785
135;просто;просто;PART;_;_;_;_;_;@d1990m-words#@d1990m#708.785#709.053
136;/;/;PUNCT;_;_;_;_;_;@d1990m-words#@d1990m#709.053#709.321
137;ммм;ммм;INTJ;_;_;_;_;_;@d1990m-words#@d1990m#709.321#709.589
138;#причмокивает#;#причмокивает#;X;_;_;_;_;_;@d1990m-words#@d1990m#709.589#709.857
139;сам;сам;DET;_;Case=Nom|Degree=Pos|Gender=Masc|Number=Sing;_;_;_;@d1990m-words#@d1990m#709.857#710.125
140;ааа;ааа;INTJ;_;_;_;_;_;@d1990m-words#@d1990m#710.125#710.414
141;не;не;PART;_;_;_;_;_;@d1990m-words#@d1990m#710.805#710.998
142;у...;услышать;VERB;_;Aspect=Perf|Gender=Masc|Mood=Ind|Number=Sing|Tense=Past|VerbForm=Fin|Voice=Act;_;_;_;@d1990m-words#@d1990m#710.998#711.191
143;/;/;PUNCT;_;_;_;_;_;@d1990m-words#@d1990m#711.191#711.384
144;не;не;PART;_;_;_;_;_;@d1990m-words#@d1990m#711.384#711.577
145;услышал;услышать;VERB;_;Aspect=Perf|Gender=Masc|Mood=Ind|Number=Sing|Tense=Past|VerbForm=Fin|Voice=Act;_;_;_;@d1990m-words#@d1990m#711.577#711.77
146;/;/;PUNCT;_;_;_;_;_;@d1990m-words#@d1990m#711.77#711.963
147;не;не;PART;_;_;_;_;_;@d1990m-words#@d1990m#711.963#712.156
148;заметил;заметить;VERB;_;Aspect=Perf|Gender=Masc|Mood=Ind|Number=Sing|Tense=Past|VerbForm=Fin|Voice=Act;_;_;_;@d1990m-words#@d1990m#712.156#712.354
149;что;что;SCONJ;_;_;_;_;_;@d1990m-words#@d1990m#712.68#713.122
150;вы;вы;PRON;_;Case=Nom|Number=Plur|Person=2;_;_;_;@d1990m-words#@d1990m#713.122#713.564
151;используете;использовать;VERB;_;Aspect=Imp|Mood=Ind|Number=Plur|Person=2|Tense=Pres|VerbForm=Fin|Voice=Act;_;_;_;@d1990m-words#@d1990m#713.564#714.008
152;эээ;эээ;INTJ;_;_;_;_;_;@d1990m-words#@d1990m#714.655#714.916
153;/;/;PUNCT;_;_;_;_;_;@d1990m-words#@d1990m#714.916#715.177
154;какой-то;какой-то;DET;_;Case=Nom|Gender=Masc|Number=Sing;_;_;_;@d1990m-words#@d1990m#715.177#715.438
155;кусок;кусок;NOUN;_;Animacy=Inan|Case=Acc|Gender=Masc|Number=Sing;_;_;_;@d1990m-words#@d1990m#715.438#715.699
156;/;/;PUNCT;_;_;_;_;_;@d1990m-words#@d1990m#715.699#715.96
157;из;из;ADP;_;_;_;_;_;@d1990m-words#@d1990m#715.96#716.221
158;/;/;PUNCT;_;_;_;_;_;@d1990m-words#@d1990m#716.221#716.482
159;ааа;ааа;INTJ;_;_;_;_;_;@d1990m-words#@d1990m#716.482#716.747
160;российских;российский;ADJ;_;Case=Gen|Degree=Pos|Number=Plur;_;_;_;@d1990m-words#@d1990m#716.94#717.426
161;рэперов;рэпер;NOUN;_;Animacy=Inan|Case=Gen|Gender=Masc|Number=Plur;_;_;_;@d1990m-words#@d1990m#717.426#717.912
162;в;в;ADP;_;_;_;_;_;@d1990m-words#@d1990m#718.409#718.612
163;куплете;куплет;NOUN;_;Animacy=Inan|Case=Loc|Gender=Masc|Number=Sing;_;_;_;@d1990m-words#@d1990m#718.612#718.815
164;/;/;PUNCT;_;_;_;_;_;@d1990m-words#@d1990m#718.815#719.018
165;или;или;CCONJ;_;_;_;_;_;@d1990m-words#@d1990m#719.018#719.221
166;в;в;ADP;_;_;_;_;_;@d1990m-words#@d1990m#719.221#719.424
167;припеве;припев;NOUN;_;Animacy=Inan|Case=Loc|Gender=Neut|Number=Sing;_;_;_;@d1990m-words#@d1990m#719.424#719.628
168;поправь;поправить;VERB;_;Aspect=Perf|Mood=Imp|Number=Sing|Person=2|VerbForm=Fin|Voice=Act;_;_;_;@d1990m-words#@d1990m#720.331#720.543
169;меня;я;PRON;_;Case=Acc|Number=Sing|Person=1;_;_;_;@d1990m-words#@d1990m#720.543#720.755
170;/;/;PUNCT;_;_;_;_;_;@d1990m-words#@d1990m#720.755#720.967
171;если;если;SCONJ;_;_;_;_;_;@d1990m-words#@d1990m#720.967#721.179
172;я;я;PRON;_;Case=Nom|Number=Sing|Person=1;_;_;_;@d1990m-words#@d1990m#721.179#721.391
173;/;/;PUNCT;_;_;_;_;_;@d1990m-words#@d1990m#721.391#721.603
174;неправильно;неправильно;ADV;_;Degree=Pos;_;_;_;@d1990m-words#@d1990m#721.603#721.815
175;сказал;сказать;VERB;_;Aspect=Perf|Gender=Masc|Mood=Ind|Number=Sing|Tense=Past|VerbForm=Fin|Voice=Act;_;_;_;@d1990m-words#@d1990m#721.815#722.033
176;ага;ага;INTJ;_;_;_;_;_;@d1990m-words#@d1990m#738.637#738.849
177;#усмешка#;#усмешка#;X;_;_;_;_;_;@d1990m-words#@d1990m#763.867#764.101
178;вообще;вообще;ADV;_;_;_;_;_;@kgg1994m-words#@kgg1994m#461.844#462.116
179;/;/;PUNCT;_;_;_;_;_;@kgg1994m-words#@kgg1994m#462.116#462.388
180;на;на;ADP;_;_;_;_;_;@kgg1994m-words#@kgg1994m#462.388#462.66
181;самом;самый;DET;_;Case=Loc|Degree=Pos|Gender=Neut|Number=Sing;_;_;_;@kgg1994m-words#@kgg1994m#462.66#462.932
182;деле;дело;NOUN;_;Animacy=Inan|Case=Loc|Gender=Neut|Number=Sing;_;_;_;@kgg1994m-words#@kgg1994m#462.932#463.204
183;бывает;бывать;VERB;_;Aspect=Imp|Mood=Ind|Number=Sing|Person=3|Tense=Pres|VerbForm=Fin|Voice=Act;_;_;_;@kgg1994m-words#@kgg1994m#463.204#463.476
184;по-разному;по-разному;ADV;_;_;_;_;_;@kgg1994m-words#@kgg1994m#463.476#463.748
185;/;/;PUNCT;_;_;_;_;_;@kgg1994m-words#@kgg1994m#463.748#464.02
186;как;как;SCONJ;_;_;_;_;_;@kgg1994m-words#@kgg1994m#464.02#464.292
187;правило;правило;NOUN;_;Animacy=Inan|Case=Nom|Gender=Neut|Number=Sing;_;_;_;@kgg1994m-words#@kgg1994m#464.292#464.568
188;ну;ну;INTJ;_;_;_;_;_;@kgg1994m-words#@kgg1994m#465.84#466.33
189;я;я;PRON;_;Case=Nom|Number=Sing|Person=1;_;_;_;@kgg1994m-words#@kgg1994m#466.33#466.82
190;что-то;что-то;PRON;_;Case=Acc;_;_;_;@kgg1994m-words#@kgg1994m#466.82#467.31
191;придумываю;придумывать;VERB;_;Aspect=Imp|Mood=Ind|Number=Sing|Person=1|Tense=Pres|VerbForm=Fin|Voice=Act;_;_;_;@kgg1994m-words#@kgg1994m#467.31#467.802
192;в;в;ADP;_;_;_;_;_;@kgg1994m-words#@kgg1994m#468.35#468.617
193;относительно;относительно;ADV;_;_;_;_;_;@kgg1994m-words#@kgg1994m#468.617#468.884
194;каком-то;какой-то;DET;_;Case=Loc|Gender=Masc|Number=Sing;_;_;_;@kgg1994m-words#@kgg1994m#468.884#469.151
195;конструктивном;конструктивный;ADJ;_;Case=Loc|Degree=Pos|Gender=Masc|Number=Sing;_;_;_;@kgg1994m-words#@kgg1994m#469.151#469.418
196;виде;вид;NOUN;_;Animacy=Inan|Case=Loc|Gender=Masc|Number=Sing;_;_;_;@kgg1994m-words#@kgg1994m#469.418#469.685
197;приношу;приносить;VERB;_;Aspect=Perf|Mood=Ind|Number=Sing|Person=1|Tense=Pres|VerbForm=Fin|Voice=Act;_;_;_;@kgg1994m-words#@kgg1994m#469.685#469.952
198;чувакам;чувак;NOUN;_;Animacy=Anim|Case=Dat|Gender=Masc|Number=Plur;_;_;_;@kgg1994m-words#@kgg1994m#469.952#470.219
199;где;где;ADV;_;_;_;_;_;@kgg1994m-words#@kgg1994m#470.219#470.486
200;я;я;PRON;_;Case=Nom|Number=Sing|Person=1;_;_;_;@kgg1994m-words#@kgg1994m#470.486#470.753
201;могу;мочь;VERB;_;Aspect=Imp|Mood=Ind|Number=Sing|Person=1|Tense=Pres|VerbForm=Fin|Voice=Act;_;_;_;@kgg1994m-words#@kgg1994m#470.753#471.02
202;объяснить;объяснить;VERB;_;Aspect=Perf|VerbForm=Inf|Voice=Act;_;_;_;@kgg1994m-words#@kgg1994m#471.02#471.287
203;им;они;PRON;_;Case=Dat|Number=Plur|Person=3;_;_;_;@kgg1994m-words#@kgg1994m#471.287#471.554
204;что;что;PRON;_;Case=Nom;_;_;_;@kgg1994m-words#@kgg1994m#471.554#471.821
205;вот;вот;PART;_;_;_;_;_;@kgg1994m-words#@kgg1994m#471.821#472.088
206;это;это;PRON;_;Animacy=Inan|Case=Nom|Gender=Neut|Number=Sing;_;_;_;@kgg1994m-words#@kgg1994m#472.088#472.355
207;вот;вот;PART;_;_;_;_;_;@kgg1994m-words#@kgg1994m#472.355#472.622
208;это;это;PRON;_;Animacy=Inan|Case=Nom|Gender=Neut|Number=Sing;_;_;_;@kgg1994m-words#@kgg1994m#472.622#472.889
209;то;то;PRON;_;Animacy=Inan|Case=Nom|Gender=Neut|Number=Sing;_;_;_;@kgg1994m-words#@kgg1994m#472.889#473.156
210;/;/;PUNCT;_;_;_;_;_;@kgg1994m-words#@kgg1994m#473.156#473.423
211;а;а;CCONJ;_;_;_;_;_;@kgg1994m-words#@kgg1994m#473.423#473.69
212;вот;вот;PART;_;_;_;_;_;@kgg1994m-words#@kgg1994m#473.69#473.957
213;то-то;то-то;PRON;_;Animacy=Inan|Case=Nom|Gender=Neut|Number=Sing;_;_;_;@kgg1994m-words#@kgg1994m#473.957#474.224
214;это;это;PRON;_;Animacy=Inan|Case=Acc|Gender=Neut|Number=Sing;_;_;_;@kgg1994m-words#@kgg1994m#474.224#474.491
215;вот;вот;PART;_;_;_;_;_;@kgg1994m-words#@kgg1994m#474.491#474.758
216;это;это;PRON;_;Animacy=Inan|Case=Acc|Gender=Neut|Number=Sing;_;_;_;@kgg1994m-words#@kgg1994m#474.758#475.044
217;мы;мы;PRON;_;Case=Nom|Number=Plur|Person=1;_;_;_;@kgg1994m-words#@kgg1994m#475.548#475.797
218;/;/;PUNCT;_;_;_;_;_;@kgg1994m-words#@kgg1994m#475.797#476.046
219;как;как;ADV;_;_;_;_;_;@kgg1994m-words#@kgg1994m#476.046#476.295
220;бы;бы;PART;_;_;_;_;_;@kgg1994m-words#@kgg1994m#476.295#476.546
221;джемим;джемить;VERB;_;Aspect=Imp|Mood=Ind|Number=Plur|Person=1|Tense=Pres|VerbForm=Fin|Voice=Act;_;_;_;@kgg1994m-words#@kgg1994m#477.27#477.567
222;вот;вот;PART;_;_;_;_;_;@kgg1994m-words#@kgg1994m#477.567#477.864
223;это;это;PRON;_;Animacy=Inan|Case=Acc|Gender=Neut|Number=Sing;_;_;_;@kgg1994m-words#@kgg1994m#477.864#478.161
224;вот;вот;PART;_;_;_;_;_;@kgg1994m-words#@kgg1994m#478.161#478.461
225;но;но;CCONJ;_;_;_;_;_;@kgg1994m-words#@kgg1994m#479.253#479.524
226;/;/;PUNCT;_;_;_;_;_;@kgg1994m-words#@kgg1994m#479.524#479.795
227;при...;приходить;VERB;_;Aspect=Imp|Mood=Ind|Number=Sing|Person=3|Tense=Pres|VerbForm=Fin|Voice=Act;_;_;_;@kgg1994m-words#@kgg1994m#479.795#480.066
228;/;/;PUNCT;_;_;_;_;_;@kgg1994m-words#@kgg1994m#480.066#480.337
229;приходит;приходить;VERB;_;Aspect=Imp|Mood=Ind|Number=Sing|Person=3|Tense=Pres|VerbForm=Fin|Voice=Act;_;_;_;@kgg1994m-words#@kgg1994m#480.337#480.608
230;в;в;ADP;_;_;_;_;_;@kgg1994m-words#@kgg1994m#480.608#480.879
231;какую-то;какой-то;DET;_;Case=Acc|Gender=Fem|Number=Sing;_;_;_;@kgg1994m-words#@kgg1994m#480.879#481.15
232;удобае...;удобоваримый;ADJ;_;Case=Acc|Degree=Pos|Gender=Fem|Number=Sing;_;_;_;@kgg1994m-words#@kgg1994m#481.15#481.421
233;/;/;PUNCT;_;_;_;_;_;@kgg1994m-words#@kgg1994m#481.421#481.692
234;удо...;удобоваримый;ADJ;_;Case=Acc|Degree=Pos|Gender=Fem|Number=Sing;_;_;_;@kgg1994m-words#@kgg1994m#481.692#481.963
235;/;/;PUNCT;_;_;_;_;_;@kgg1994m-words#@kgg1994m#481.963#482.234
236;удобоваримую;удобоваримый;ADJ;_;Case=Acc|Degree=Pos|Gender=Fem|Number=Sing;_;_;_;@kgg1994m-words#@kgg1994m#482.234#482.505
237;форму;форма;NOUN;_;Animacy=Inan|Case=Acc|Gender=Fem|Number=Sing;_;_;_;@kgg1994m-words#@kgg1994m#482.505#482.778
238;пишется;писать;VERB;_;Aspect=Imp|Mood=Ind|Number=Sing|Person=3|Tense=Pres|VerbForm=Fin|Voice=Pass;_;_;_;@kgg1994m-words#@kgg1994m#483.431#483.759
239;текст;текст;NOUN;_;Animacy=Inan|Case=Nom|Gender=Masc|Number=Sing;_;_;_;@kgg1994m-words#@kgg1994m#483.759#484.087
240;/;/;PUNCT;_;_;_;_;_;@kgg1994m-words#@kgg1994m#484.087#484.415
241;и;и;CCONJ;_;_;_;_;_;@kgg1994m-words#@kgg1994m#484.415#484.746
242;в;в;ADP;_;_;_;_;_;@kgg1994m-words#@kgg1994m#485.851#486.007
243;общем-то;общем-то;ADV;_;_;_;_;_;@kgg1994m-words#@kgg1994m#486.007#486.163
244;/;/;PUNCT;_;_;_;_;_;@kgg1994m-words#@kgg1994m#486.163#486.319
245;все;весь;DET;_;Case=Nom|Gender=Neut|Number=Sing;_;_;_;@kgg1994m-words#@kgg1994m#486.319#486.476
246;это;это;PRON;_;Animacy=Inan|Case=Nom|Gender=Neut|Number=Sing;_;_;_;@kgg1994m-words#@kgg1994m#486.794#487.044
247;песня;песня;NOUN;_;Animacy=Inan|Case=Nom|Gender=Fem|Number=Sing;_;_;_;@kgg1994m-words#@kgg1994m#487.044#487.295
248;ааа;ааа;INTJ;_;_;_;_;_;@kgg1994m-words#@kgg1994m#491.908#492.272
249;/;/;PUNCT;_;_;_;_;_;@kgg1994m-words#@kgg1994m#492.272#492.636
250;мы;мы;PRON;_;Case=Nom|Number=Plur|Person=1;_;_;_;@kgg1994m-words#@kgg1994m#492.636#493.0
251;никогда;никогда;ADV;_;_;_;_;_;@kgg1994m-words#@kgg1994m#493.0#493.364
252;не;не;PART;_;_;_;_;_;@kgg1994m-words#@kgg1994m#493.364#493.728
253;записывались;записывать;VERB;_;Aspect=Perf|Mood=Ind|Number=Plur|Tense=Past|VerbForm=Fin|Voice=Mid;_;_;_;@kgg1994m-words#@kgg1994m#493.728#494.092
254;живьем;живьем;ADV;_;_;_;_;_;@kgg1994m-words#@kgg1994m#494.092#494.456
255;что;что;SCONJ;_;_;_;_;_;@kgg1994m-words#@kgg1994m#494.726#495.062
256;/;/;PUNCT;_;_;_;_;_;@kgg1994m-words#@kgg1994m#495.062#495.398
257;наверное;наверное;ADV;_;_;_;_;_;@kgg1994m-words#@kgg1994m#495.398#495.734
258;/;/;PUNCT;_;_;_;_;_;@kgg1994m-words#@kgg1994m#495.734#496.07
259;необязательно;необязательно;ADV;_;Degree=Pos;_;_;_;@kgg1994m-words#@kgg1994m#496.07#496.406
260;хорошо;хорошо;PRED;_;Degree=Pos;_;_;_;@kgg1994m-words#@kgg1994m#496.406#496.742
261;/;/;PUNCT;_;_;_;_;_;@kgg1994m-words#@kgg1994m#496.742#497.078
262;но;но;CCONJ;_;_;_;_;_;@kgg1994m-words#@kgg1994m#497.078#497.414
263;просто;просто;PART;_;_;_;_;_;@kgg1994m-words#@kgg1994m#497.414#497.75
264;так;так;ADV;_;_;_;_;_;@kgg1994m-words#@kgg1994m#497.75#498.086
265;/;/;PUNCT;_;_;_;_;_;@kgg1994m-words#@kgg1994m#498.086#498.422
266;повелось;повестись;VERB;_;Aspect=Perf|Gender=Neut|Mood=Ind|Number=Sing|Tense=Past|VerbForm=Fin|Voice=Mid;_;_;_;@kgg1994m-words#@kgg1994m#498.422#498.766
267;я;я;PRON;_;Case=Nom|Number=Sing|Person=1;_;_;_;@kgg1994m-words#@kgg1994m#499.0#499.193
268;/;/;PUNCT;_;_;_;_;_;@kgg1994m-words#@kgg1994m#499.193#499.386
269;хотел;хотеть;VERB;_;Aspect=Imp|Gender=Masc|Mood=Ind|Number=Sing|Tense=Past|VerbForm=Fin|Voice=Act;_;_;_;@kgg1994m-words#@kgg1994m#499.386#499.58
270;хотел;хотеть;VERB;_;Aspect=Imp|Gender=Masc|Mood=Ind|Number=Sing|Tense=Past|VerbForm=Fin|Voice=Act;_;_;_;@kgg1994m-words#@kgg1994m#500.028#500.305
271;бы;бы;PART;_;_;_;_;_;@kgg1994m-words#@kgg1994m#500.305#500.582
272;/;/;PUNCT;_;_;_;_;_;@kgg1994m-words#@kgg1994m#500.582#500.859
273;возможно;возможно;ADV;_;_;_;_;_;@kgg1994m-words#@kgg1994m#500.859#501.136
274;/;/;PUNCT;_;_;_;_;_;@kgg1994m-words#@kgg1994m#501.136#501.413
275;чтобы;чтобы;SCONJ;_;_;_;_;_;@kgg1994m-words#@kgg1994m#501.413#501.695
276;как;как;ADV;_;_;_;_;_;@kgg1994m-words#@kgg1994m#502.077#502.282
277;бы;бы;PART;_;_;_;_;_;@kgg1994m-words#@kgg1994m#502.282#502.487
278;/;/;PUNCT;_;_;_;_;_;@kgg1994m-words#@kgg1994m#502.487#502.692
279;следующий;следующий;ADJ;_;Case=Nom|Degree=Pos|Gender=Masc|Number=Sing;_;_;_;@kgg1994m-words#@kgg1994m#502.692#502.897
280;релиз;релиз;NOUN;_;Animacy=Inan|Case=Nom|Gender=Masc|Number=Sing;_;_;_;@kgg1994m-words#@kgg1994m#502.897#503.104
281;ааа;ааа;INTJ;_;_;_;_;_;@kgg1994m-words#@kgg1994m#503.669#504.409
282;не;не;PART;_;_;_;_;_;@kgg1994m-words#@kgg1994m#504.753#504.954
283;знаю;знать;VERB;_;Aspect=Imp|Mood=Ind|Number=Sing|Person=1|Tense=Pres|VerbForm=Fin|Voice=Act;_;_;_;@kgg1994m-words#@kgg1994m#504.954#505.155
284;/;/;PUNCT;_;_;_;_;_;@kgg1994m-words#@kgg1994m#505.155#505.356
285;каким;какой;DET;_;Case=Ins|Gender=Masc|Number=Sing;_;_;_;@kgg1994m-words#@kgg1994m#505.356#505.557
286;он;он;PRON;_;Case=Nom|Gender=Masc|Number=Sing|Person=3;_;_;_;@kgg1994m-words#@kgg1994m#505.557#505.758
287;будет;быть;AUX;_;Aspect=Imp|Mood=Ind|Number=Sing|Person=3|Tense=Pres|VerbForm=Fin|Voice=Act;_;_;_;@kgg1994m-words#@kgg1994m#505.758#505.959
288;и;и;PART;_;_;_;_;_;@kgg1994m-words#@kgg1994m#505.959#506.16
289;когда;когда;SCONJ;_;_;_;_;_;@kgg1994m-words#@kgg1994m#506.16#506.365
290;ааа;ааа;INTJ;_;_;_;_;_;@kgg1994m-words#@kgg1994m#506.766#507.065
291;/;/;PUNCT;_;_;_;_;_;@kgg1994m-words#@kgg1994m#507.065#507.364
292;был;быть;AUX;_;Aspect=Imp|Gender=Masc|Mood=Ind|Number=Sing|Tense=Past|VerbForm=Fin|Voice=Act;_;_;_;@kgg1994m-words#@kgg1994m#507.364#507.663
293;больше;больше;ADV;_;_;_;_;_;@kgg1994m-words#@kgg1994m#507.663#507.962
294;похож;похожий;ADJ;_;Degree=Pos|Gender=Masc|Number=Sing|Variant=Short;_;_;_;@kgg1994m-words#@kgg1994m#507.962#508.261
295;на;на;ADP;_;_;_;_;_;@kgg1994m-words#@kgg1994m#508.261#508.56
296;/;/;PUNCT;_;_;_;_;_;@kgg1994m-words#@kgg1994m#508.56#508.859
297;живую;живой;ADJ;_;Case=Acc|Degree=Pos|Gender=Fem|Number=Sing;_;_;_;@kgg1994m-words#@kgg1994m#508.859#509.158
298;запись;запись;NOUN;_;Animacy=Inan|Case=Acc|Gender=Fem|Number=Sing;_;_;_;@kgg1994m-words#@kgg1994m#509.158#509.457
299;я;я;PRON;_;Case=Nom|Number=Sing|Person=1;_;_;_;@kgg1994m-words#@kgg1994m#510.265#510.725
300;записываю;записывать;VERB;_;Aspect=Imp|Mood=Ind|Number=Sing|Person=1|Tense=Pres|VerbForm=Fin|Voice=Act;_;_;_;@kgg1994m-words#@kgg1994m#510.725#511.185
301;/;/;PUNCT;_;_;_;_;_;@kgg1994m-words#@kgg1994m#511.185#511.645
302;ааа;ааа;INTJ;_;_;_;_;_;@kgg1994m-words#@kgg1994m#511.645#512.105
303;/;/;PUNCT;_;_;_;_;_;@kgg1994m-words#@kgg1994m#512.105#512.565
304;дем...;демка;NOUN;_;Animacy=Inan|Case=Gen|Gender=Fem|Number=Sing;_;_;_;@kgg1994m-words#@kgg1994m#512.565#513.027
305;демки;демка;NOUN;_;Animacy=Inan|Case=Gen|Gender=Fem|Number=Sing;_;_;_;@kgg1994m-words#@kgg1994m#513.392#513.793
306;своих;свой;DET;_;Case=Gen|Number=Plur;_;_;_;@kgg1994m-words#@kgg1994m#513.793#514.194
307;партий;партия;NOUN;_;Animacy=Inan|Case=Gen|Gender=Fem|Number=Plur;_;_;_;@kgg1994m-words#@kgg1994m#514.194#514.596
308;ааа;ааа;INTJ;_;_;_;_;_;@kgg1994m-words#@kgg1994m#515.356#515.655
309;/;/;PUNCT;_;_;_;_;_;@kgg1994m-words#@kgg1994m#515.655#515.954
310;под;под;ADP;_;_;_;_;_;@kgg1994m-words#@kgg1994m#515.954#516.253
311;них;они;PRON;_;Case=Gen|Number=Plur|Person=3;_;_;_;@kgg1994m-words#@kgg1994m#516.253#516.552
312;записывается;записывать;VERB;_;Aspect=Imp|Mood=Ind|Number=Sing|Person=3|Tense=Pres|VerbForm=Fin|Voice=Pass;_;_;_;@kgg1994m-words#@kgg1994m#516.552#516.851
313;Гриша;Гриша;PROPN;_;Animacy=Anim|Case=Acc|Gender=Masc|Number=Sing;_;_;_;@kgg1994m-words#@kgg1994m#516.851#517.15
314;ааа;ааа;INTJ;_;_;_;_;_;@kgg1994m-words#@kgg1994m#517.648#517.915
315;/;/;PUNCT;_;_;_;_;_;@kgg1994m-words#@kgg1994m#517.915#518.182
316;под;под;ADP;_;_;_;_;_;@kgg1994m-words#@kgg1994m#518.182#518.449
317;них;они;PRON;_;Case=Gen|Number=Plur|Person=3;_;_;_;@kgg1994m-words#@kgg1994m#518.449#518.716
318;записывается;записывать;VERB;_;Aspect=Imp|Mood=Ind|Number=Sing|Person=3|Tense=Pres|VerbForm=Fin|Voice=Pass;_;_;_;@kgg1994m-words#@kgg1994m#518.716#518.983
319;Петя;Петя;PROPN;_;Animacy=Anim|Case=Nom|Gender=Masc|Number=Sing;_;_;_;@kgg1994m-words#@kgg1994m#518.983#519.25
320;/;/;PUNCT;_;_;_;_;_;@kgg1994m-words#@kgg1994m#519.25#519.517
321;в;в;ADP;_;_;_;_;_;@kgg1994m-words#@kgg1994m#519.517#519.784
322;смысле;смысл;NOUN;_;Animacy=Inan|Case=Loc|Gender=Masc|Number=Sing;_;_;_;@kgg1994m-words#@kgg1994m#519.784#520.051
323;/;/;PUNCT;_;_;_;_;_;@kgg1994m-words#@kgg1994m#520.051#520.318
324;записывает;записывать;VERB;_;Aspect=Imp|Mood=Ind|Number=Sing|Person=3|Tense=Pres|VerbForm=Fin|Voice=Act;_;_;_;@kgg1994m-words#@kgg1994m#520.318#520.585
325;бас;бас;NOUN;_;Animacy=Inan|Case=Acc|Gender=Masc|Number=Sing;_;_;_;@kgg1994m-words#@kgg1994m#520.585#520.861
326;ааа;ааа;INTJ;_;_;_;_;_;@kgg1994m-words#@kgg1994m#521.357#521.663
327;/;/;PUNCT;_;_;_;_;_;@kgg1994m-words#@kgg1994m#521.663#521.969
328;мы;мы;PRON;_;Case=Nom|Number=Plur|Person=1;_;_;_;@kgg1994m-words#@kgg1994m#521.969#522.275
329;удаляем;удалять;VERB;_;Aspect=Imp|Mood=Ind|Number=Plur|Person=1|Tense=Pres|VerbForm=Fin|Voice=Act;_;_;_;@kgg1994m-words#@kgg1994m#522.275#522.581
330;изначальную;изначальный;ADJ;_;Case=Acc|Degree=Pos|Gender=Fem|Number=Sing;_;_;_;@kgg1994m-words#@kgg1994m#522.581#522.887
331;демку;демка;NOUN;_;Animacy=Inan|Case=Acc|Gender=Fem|Number=Sing;_;_;_;@kgg1994m-words#@kgg1994m#522.887#523.193
332;дальше;далеко;ADV;_;Degree=Cmp;_;_;_;@kgg1994m-words#@kgg1994m#523.456#523.732
333;записываюсь;записываться;VERB;_;Aspect=Imp|Mood=Ind|Number=Sing|Person=1|Tense=Pres|VerbForm=Fin|Voice=Mid;_;_;_;@kgg1994m-words#@kgg1994m#523.732#524.008
334;я;я;PRON;_;Case=Nom|Number=Sing|Person=1;_;_;_;@kgg1994m-words#@kgg1994m#524.008#524.284
335;/;/;PUNCT;_;_;_;_;_;@kgg1994m-words#@kgg1994m#524.284#524.56
336;дальше;далеко;ADV;_;Degree=Cmp;_;_;_;@kgg1994m-words#@kgg1994m#524.56#524.836
337;мы;мы;PRON;_;Case=Nom|Number=Plur|Person=1;_;_;_;@kgg1994m-words#@kgg1994m#524.836#525.112
338;пишем;писать;VERB;_;Aspect=Imp|Mood=Ind|Number=Plur|Person=1|Tense=Pres|VerbForm=Fin|Voice=Act;_;_;_;@kgg1994m-words#@kgg1994m#525.112#525.388
339;голос;голос;NOUN;_;Animacy=Inan|Case=Acc|Gender=Masc|Number=Sing;_;_;_;@kgg1994m-words#@kgg1994m#525.388#525.664
340;/;/;PUNCT;_;_;_;_;_;@kgg1994m-words#@kgg1994m#525.664#525.94
341;все;все;PRON;_;Animacy=Anim|Case=Nom|Number=Plur;_;_;_;@kgg1994m-words#@kgg1994m#525.94#526.216
342;/;/;PUNCT;_;_;_;_;_;@kgg1994m-words#@kgg1994m#526.216#526.492
343;все;все;PRON;_;Animacy=Inan|Case=Nom|Gender=Neut|Number=Sing;_;_;_;@kgg1994m-words#@kgg1994m#526.492#526.768
344;очень;очень;ADV;_;_;_;_;_;@kgg1994m-words#@kgg1994m#526.768#527.044
345;просто;простой;ADJ;_;Degree=Pos|Gender=Neut|Number=Sing|Variant=Short;_;_;_;@kgg1994m-words#@kgg1994m#527.044#527.32
346;/;/;PUNCT;_;_;_;_;_;@kgg1994m-words#@kgg1994m#527.32#527.596
347;как;как;SCONJ;_;_;_;_;_;@kgg1994m-words#@kgg1994m#527.596#527.872
348;/;/;PUNCT;_;_;_;_;_;@kgg1994m-words#@kgg1994m#527.872#528.148
349;практически;практически;ADV;_;_;_;_;_;@kgg1994m-words#@kgg1994m#528.148#528.424
350;/;/;PUNCT;_;_;_;_;_;@kgg1994m-words#@kgg1994m#528.424#528.7
351;как;как;ADV;_;_;_;_;_;@kgg1994m-words#@kgg1994m#528.7#528.976
352;бы;бы;PART;_;_;_;_;_;@kgg1994m-words#@kgg1994m#528.976#529.252
353;все;весь;DET;_;Case=Nom|Number=Plur;_;_;_;@kgg1994m-words#@kgg1994m#529.252#529.528
354;поканальные;поканальный;ADJ;_;Case=Nom|Degree=Pos|Number=Plur;_;_;_;@kgg1994m-words#@kgg1994m#529.528#529.804
355;записи;запись;NOUN;_;Animacy=Inan|Case=Nom|Gender=Fem|Number=Plur;_;_;_;@kgg1994m-words#@kgg1994m#529.804#530.08
356;устроены;устроить;VERB;_;Aspect=Perf|Number=Plur|Tense=Past|Variant=Short|VerbForm=Part|Voice=Pass;_;_;_;@kgg1994m-words#@kgg1994m#530.08#530.364
357;ну;ну;PART;_;_;_;_;_;@kgg1994m-words#@kgg1994m#534.055#534.234
358;/;/;PUNCT;_;_;_;_;_;@kgg1994m-words#@kgg1994m#534.234#534.413
359;больше;много;ADV;_;Degree=Cmp;_;_;_;@kgg1994m-words#@kgg1994m#534.413#534.592
360;/;/;PUNCT;_;_;_;_;_;@kgg1994m-words#@kgg1994m#534.592#534.771
361;чем;чем;SCONJ;_;_;_;_;_;@kgg1994m-words#@kgg1994m#534.771#534.95
362;на;на;ADP;_;_;_;_;_;@kgg1994m-words#@kgg1994m#534.95#535.129
363;первый;первый;ADJ;_;Animacy=Inan|Case=Acc|Degree=Pos|Gender=Masc|Number=Sing;_;_;_;@kgg1994m-words#@kgg1994m#535.129#535.308
364;или;или;CCONJ;_;_;_;_;_;@kgg1994m-words#@kgg1994m#535.308#535.487
365;на;на;ADP;_;_;_;_;_;@kgg1994m-words#@kgg1994m#535.487#535.666
366;второй;второй;ADJ;_;Animacy=Inan|Case=Acc|Degree=Pos|Gender=Masc|Number=Sing;_;_;_;@kgg1994m-words#@kgg1994m#535.666#535.846
367;где-то;где-то;ADV;_;_;_;_;_;@kgg1994m-words#@kgg1994m#541.998#542.183
368;так;так;ADV;_;_;_;_;_;@kgg1994m-words#@kgg1994m#542.183#542.368
369;/;/;PUNCT;_;_;_;_;_;@kgg1994m-words#@kgg1994m#542.368#542.553
370;да;да;INTJ;_;_;_;_;_;@kgg1994m-words#@kgg1994m#542.553#542.738
371;/;/;PUNCT;_;_;_;_;_;@kgg1994m-words#@kgg1994m#542.738#542.923
372;получается;получаться;VERB;_;Aspect=Imp|Mood=Ind|Number=Sing|Person=3|Tense=Pres|VerbForm=Fin|Voice=Mid;_;_;_;@kgg1994m-words#@kgg1994m#542.923#543.11
373;что...;что;SCONJ;_;_;_;_;_;@kgg1994m-words#@kgg1994m#552.273#552.541
374;/;/;PUNCT;_;_;_;_;_;@kgg1994m-words#@kgg1994m#552.541#552.809
375;что-то;что-то;PRON;_;Case=Nom;_;_;_;@kgg1994m-words#@kgg1994m#552.809#553.079
376;допридумывалось;допридумывать;VERB;_;Aspect=Imp|Gender=Neut|Mood=Ind|Number=Sing|Tense=Past|VerbForm=Fin|Voice=Pass;_;_;_;@kgg1994m-words#@kgg1994m#553.252#553.54
377;на;на;ADP;_;_;_;_;_;@kgg1994m-words#@kgg1994m#553.54#553.828
378;ходу;ход;NOUN;_;Animacy=Inan|Case=Acc|Gender=Fem|Number=Sing;_;_;_;@kgg1994m-words#@kgg1994m#553.828#554.116
379;/;/;PUNCT;_;_;_;_;_;@kgg1994m-words#@kgg1994m#554.116#554.404
380;что-то;что-то;PRON;_;Case=Nom;_;_;_;@kgg1994m-words#@kgg1994m#554.404#554.692
381;допридумывалось;допридумывать;VERB;_;Aspect=Imp|Gender=Neut|Mood=Ind|Number=Sing|Tense=Past|VerbForm=Fin|Voice=Pass;_;_;_;@kgg1994m-words#@kgg1994m#554.692#554.98
382;в;в;ADP;_;_;_;_;_;@kgg1994m-words#@kgg1994m#554.98#555.268
383;процессе;процесс;NOUN;_;Animacy=Inan|Case=Loc|Gender=Masc|Number=Sing;_;_;_;@kgg1994m-words#@kgg1994m#555.268#555.556
384;записи;запись;NOUN;_;Animacy=Inan|Case=Gen|Gender=Fem|Number=Sing;_;_;_;@kgg1994m-words#@kgg1994m#555.556#555.844
385;/;/;PUNCT;_;_;_;_;_;@kgg1994m-words#@kgg1994m#555.844#556.132
386;то;то;PRON;_;Animacy=Inan|Case=Nom|Gender=Neut|Number=Sing;_;_;_;@kgg1994m-words#@kgg1994m#556.132#556.42
387;есть;быть;VERB;_;Aspect=Imp|Mood=Ind|Number=Sing|Person=3|Tense=Pres|VerbForm=Fin|Voice=Act;_;_;_;@kgg1994m-words#@kgg1994m#556.42#556.708
388;/;/;PUNCT;_;_;_;_;_;@kgg1994m-words#@kgg1994m#556.708#556.996
389;две;два;NUM;_;Case=Nom|Gender=Fem;_;_;_;@kgg1994m-words#@kgg1994m#556.996#557.284
390;песни;песня;NOUN;_;Animacy=Inan|Case=Gen|Gender=Fem|Number=Sing;_;_;_;@kgg1994m-words#@kgg1994m#557.284#557.572
391;/;/;PUNCT;_;_;_;_;_;@kgg1994m-words#@kgg1994m#557.572#557.86
392;они;они;PRON;_;Case=Nom|Number=Plur|Person=3;_;_;_;@kgg1994m-words#@kgg1994m#557.86#558.148
393;как;как;ADV;_;_;_;_;_;@kgg1994m-words#@kgg1994m#558.148#558.436
394;бы;бы;PART;_;_;_;_;_;@kgg1994m-words#@kgg1994m#558.436#558.724
395;эээ;эээ;INTJ;_;_;_;_;_;@kgg1994m-words#@kgg1994m#558.724#559.03
396;обрели;обрести;VERB;_;Aspect=Perf|Mood=Ind|Number=Plur|Tense=Past|VerbForm=Fin|Voice=Act;_;_;_;@kgg1994m-words#@kgg1994m#559.463#559.686
397;форму;форма;NOUN;_;Animacy=Inan|Case=Acc|Gender=Fem|Number=Sing;_;_;_;@kgg1994m-words#@kgg1994m#559.686#559.909
398;в;в;ADP;_;_;_;_;_;@kgg1994m-words#@kgg1994m#559.909#560.132
399;процессе;процесс;NOUN;_;Animacy=Inan|Case=Loc|Gender=Masc|Number=Sing;_;_;_;@kgg1994m-words#@kgg1994m#560.132#560.355
400;записи;запись;NOUN;_;Animacy=Inan|Case=Gen|Gender=Fem|Number=Sing;_;_;_;@kgg1994m-words#@kgg1994m#560.355#560.578
401;/;/;PUNCT;_;_;_;_;_;@kgg1994m-words#@kgg1994m#560.578#560.801
402;на;на;ADP;_;_;_;_;_;@kgg1994m-words#@kgg1994m#560.801#561.024
403;самом;самый;DET;_;Case=Loc|Degree=Pos|Gender=Neut|Number=Sing;_;_;_;@kgg1994m-words#@kgg1994m#561.024#561.247
404;деле;дело;NOUN;_;Animacy=Inan|Case=Loc|Gender=Neut|Number=Sing;_;_;_;@kgg1994m-words#@kgg1994m#561.247#561.47
405;можно;можно;ADV;_;_;_;_;_;@kgg1994m-words#@kgg1994m#561.47#561.693
406;считать;считать;VERB;_;Aspect=Imp|VerbForm=Inf|Voice=Act;_;_;_;@kgg1994m-words#@kgg1994m#561.693#561.916
407;/;/;PUNCT;_;_;_;_;_;@kgg1994m-words#@kgg1994m#561.916#562.139
408;что;что;SCONJ;_;_;_;_;_;@kgg1994m-words#@kgg1994m#562.139#562.362
409;три;три;NUM;_;Case=Nom;_;_;_;@kgg1994m-words#@kgg1994m#562.362#562.594
410;из;из;ADP;_;_;_;_;_;@kgg1994m-words#@kgg1994m#563.057#563.368
411;двенадцати;двенадцать;NUM;_;Case=Gen;_;_;_;@kgg1994m-words#@kgg1994m#563.368#563.679
412;плюс;плюс;CCONJ;_;_;_;_;_;@kgg1994m-words#@kgg1994m#564.097#564.371
413;сам;сам;DET;_;Animacy=Inan|Case=Acc|Degree=Pos|Gender=Masc|Number=Sing;_;_;_;@kgg1994m-words#@kgg1994m#564.371#564.645
414;альбом;альбом;NOUN;_;Animacy=Anim|Case=Acc|Gender=Masc|Number=Sing;_;_;_;@kgg1994m-words#@kgg1994m#564.645#564.919
415;/;/;PUNCT;_;_;_;_;_;@kgg1994m-words#@kgg1994m#564.919#565.193
416;больше;большой;ADJ;_;Degree=Cmp;_;_;_;@kgg1994m-words#@kgg1994m#565.193#565.467
417;/;/;PUNCT;_;_;_;_;_;@kgg1994m-words#@kgg1994m#565.467#565.741
418;был;быть;AUX;_;Aspect=Imp|Gender=Masc|Mood=Ind|Number=Sing|Tense=Past|VerbForm=Fin|Voice=Act;_;_;_;@kgg1994m-words#@kgg1994m#565.741#566.015
419;и;и;PART;_;_;_;_;_;@kgg1994m-words#@kgg1994m#566.015#566.289
420;длиннее;длинный;ADJ;_;Degree=Cmp;_;_;_;@kgg1994m-words#@kgg1994m#566.289#566.566
421;ну;ну;INTJ;_;_;_;_;_;@kgg1994m-words#@kgg1994m#567.459#567.669
422;и;и;CCONJ;_;_;_;_;_;@kgg1994m-words#@kgg1994m#567.669#567.879
423;хотелось;хотеться;VERB;_;Aspect=Imp|Gender=Neut|Mood=Ind|Number=Sing|Tense=Past|VerbForm=Fin|Voice=Mid;_;_;_;@kgg1994m-words#@kgg1994m#567.879#568.089
424;иметь;иметь;VERB;_;Aspect=Imp|VerbForm=Inf|Voice=Act;_;_;_;@kgg1994m-words#@kgg1994m#568.089#568.299
425;возможность;возможность;NOUN;_;Animacy=Inan|Case=Acc|Gender=Fem|Number=Sing;_;_;_;@kgg1994m-words#@kgg1994m#568.299#568.509
426;/;/;PUNCT;_;_;_;_;_;@kgg1994m-words#@kgg1994m#568.509#568.719
427;потратить;потратить;VERB;_;Aspect=Perf|VerbForm=Inf|Voice=Act;_;_;_;@kgg1994m-words#@kgg1994m#568.719#568.929
428;какое-то;какой-то;DET;_;Case=Acc|Gender=Neut|Number=Sing;_;_;_;@kgg1994m-words#@kgg1994m#568.929#569.139
429;время;время;NOUN;_;Animacy=Inan|Case=Acc|Gender=Neut|Number=Sing;_;_;_;@kgg1994m-words#@kgg1994m#569.139#569.349
430;на;на;ADP;_;_;_;_;_;@kgg1994m-words#@kgg1994m#569.349#569.559
431;что-то;что-то;PRON;_;Case=Acc;_;_;_;@kgg1994m-words#@kgg1994m#569.559#569.769
432;/;/;PUNCT;_;_;_;_;_;@kgg1994m-words#@kgg1994m#569.769#569.979
433;на;на;ADP;_;_;_;_;_;@kgg1994m-words#@kgg1994m#569.979#570.189
434;что;что;PRON;_;Case=Acc;_;_;_;@kgg1994m-words#@kgg1994m#570.189#570.399
435;у;у;ADP;_;_;_;_;_;@kgg1994m-words#@kgg1994m#570.399#570.609
436;нас;мы;PRON;_;Case=Gen|Number=Plur|Person=1;_;_;_;@kgg1994m-words#@kgg1994m#570.609#570.819
437;раньше;рано;ADV;_;Degree=Pos;_;_;_;@kgg1994m-words#@kgg1994m#570.819#571.029
438;его;он;PRON;_;Case=Gen|Gender=Masc|Number=Sing|Person=3;_;_;_;@kgg1994m-words#@kgg1994m#571.029#571.239
439;не;не;PART;_;_;_;_;_;@kgg1994m-words#@kgg1994m#571.239#571.449
440;было;быть;VERB;_;Aspect=Imp|Gender=Neut|Mood=Ind|Number=Sing|Tense=Past|VerbForm=Fin|Voice=Act;_;_;_;@kgg1994m-words#@kgg1994m#571.449#571.659
441;/;/;PUNCT;_;_;_;_;_;@kgg1994m-words#@kgg1994m#571.659#571.869
442;то;то;PRON;_;Animacy=Inan|Case=Nom|Gender=Neut|Number=Sing;_;_;_;@kgg1994m-words#@kgg1994m#571.869#572.079
443;есть;быть;VERB;_;Aspect=Imp|Mood=Ind|Number=Sing|Person=3|Tense=Pres|VerbForm=Fin|Voice=Act;_;_;_;@kgg1994m-words#@kgg1994m#572.079#572.289
444;/;/;PUNCT;_;_;_;_;_;@kgg1994m-words#@kgg1994m#572.289#572.499
445;типа;типа;INTJ;_;_;_;_;_;@kgg1994m-words#@kgg1994m#572.499#572.724
446;ну;ну;INTJ;_;_;_;_;_;@kgg1994m-words#@kgg1994m#574.025#574.289
447;не;не;PART;_;_;_;_;_;@kgg1994m-words#@kgg1994m#574.289#574.553
448;знаю;знать;VERB;_;Aspect=Imp|Mood=Ind|Number=Sing|Person=1|Tense=Pres|VerbForm=Fin|Voice=Act;_;_;_;@kgg1994m-words#@kgg1994m#574.553#574.818
449;не;не;PART;_;_;_;_;_;@kgg1994m-words#@kgg1994m#575.223#575.514
450;то;то;PRON;_;Animacy=Inan|Case=Nom|Gender=Neut|Number=Sing;_;_;_;@kgg1994m-words#@kgg1994m#575.514#575.805
451;чтобы;чтобы;SCONJ;_;_;_;_;_;@kgg1994m-words#@kgg1994m#575.805#576.096
452;поэкспериментировать;поэкспериментировать;VERB;_;Aspect=Perf|VerbForm=Inf|Voice=Act;_;_;_;@kgg1994m-words#@kgg1994m#576.096#576.387
453;/;/;PUNCT;_;_;_;_;_;@kgg1994m-words#@kgg1994m#576.387#576.678
454;но;но;CCONJ;_;_;_;_;_;@kgg1994m-words#@kgg1994m#576.678#576.969
455;как;как;ADV;_;_;_;_;_;@kgg1994m-words#@kgg1994m#576.969#577.26
456;бы;бы;PART;_;_;_;_;_;@kgg1994m-words#@kgg1994m#577.26#577.551
457;иметь;иметь;VERB;_;Aspect=Imp|VerbForm=Inf|Voice=Act;_;_;_;@kgg1994m-words#@kgg1994m#577.551#577.842
458;возможность;возможность;NOUN;_;Animacy=Inan|Case=Acc|Gender=Fem|Number=Sing;_;_;_;@kgg1994m-words#@kgg1994m#577.842#578.133
459;/;/;PUNCT;_;_;_;_;_;@kgg1994m-words#@kgg1994m#578.133#578.424
460;не;не;PART;_;_;_;_;_;@kgg1994m-words#@kgg1994m#578.424#578.715
461;торопиться;торопиться;VERB;_;Aspect=Imp|VerbForm=Inf|Voice=Mid;_;_;_;@kgg1994m-words#@kgg1994m#578.715#579.017
462;а;а;CCONJ;_;_;_;_;_;@kgg1994m-words#@kgg1994m#579.498#579.693
463;просто;просто;PART;_;_;_;_;_;@kgg1994m-words#@kgg1994m#579.693#579.888
464;сделать;сделать;VERB;_;Aspect=Perf|VerbForm=Inf|Voice=Act;_;_;_;@kgg1994m-words#@kgg1994m#579.888#580.083
465;так;так;ADV;_;_;_;_;_;@kgg1994m-words#@kgg1994m#580.083#580.278
466;/;/;PUNCT;_;_;_;_;_;@kgg1994m-words#@kgg1994m#580.278#580.473
467;как;как;SCONJ;_;_;_;_;_;@kgg1994m-words#@kgg1994m#580.473#580.668
468;ты;ты;PRON;_;Case=Nom|Number=Sing|Person=2;_;_;_;@kgg1994m-words#@kgg1994m#580.668#580.863
469;хочешь;хотеть;VERB;_;Aspect=Imp|Mood=Ind|Number=Sing|Person=2|Tense=Pres|VerbForm=Fin|Voice=Act;_;_;_;@kgg1994m-words#@kgg1994m#580.863#581.059
470;ну;ну;INTJ;_;_;_;_;_;@kgg1994m-words#@kgg1994m#582.18#582.516
471;мы;мы;PRON;_;Case=Nom|Number=Plur|Person=1;_;_;_;@kgg1994m-words#@kgg1994m#582.516#582.852
472;занимались;заниматься;VERB;_;Aspect=Imp|Mood=Ind|Number=Plur|Tense=Past|VerbForm=Fin|Voice=Mid;_;_;_;@kgg1994m-words#@kgg1994m#582.852#583.188
473;конечно;конечно;ADV;_;_;_;_;_;@kgg1994m-words#@kgg1994m#583.188#583.524
474;всякими;всякий;DET;_;Case=Ins|Number=Plur;_;_;_;@kgg1994m-words#@kgg1994m#583.524#583.86
475;глупостями;глупость;NOUN;_;Animacy=Inan|Case=Ins|Gender=Fem|Number=Plur;_;_;_;@kgg1994m-words#@kgg1994m#583.86#584.196
476;/;/;PUNCT;_;_;_;_;_;@kgg1994m-words#@kgg1994m#584.196#584.532
477;мы;мы;PRON;_;Case=Nom|Number=Plur|Person=1;_;_;_;@kgg1994m-words#@kgg1994m#584.532#584.868
478;там;там;ADV;_;_;_;_;_;@kgg1994m-words#@kgg1994m#584.868#585.204
479;записывали;записывать;VERB;_;Aspect=Imp|Mood=Ind|Number=Plur|Tense=Past|VerbForm=Fin|Voice=Act;_;_;_;@kgg1994m-words#@kgg1994m#585.204#585.54
480;ааа;ааа;INTJ;_;_;_;_;_;@kgg1994m-words#@kgg1994m#585.54#585.876
481;/;/;PUNCT;_;_;_;_;_;@kgg1994m-words#@kgg1994m#585.876#586.212
482;резонирующий;резонируть;VERB;_;Animacy=Inan|Aspect=Imp|Case=Acc|Gender=Masc|Number=Sing|Tense=Pres|VerbForm=Part|Voice=Act;_;_;_;@kgg1994m-words#@kgg1994m#586.212#586.548
483;корпус;корпус;NOUN;_;Animacy=Inan|Case=Acc|Gender=Masc|Number=Sing;_;_;_;@kgg1994m-words#@kgg1994m#586.548#586.884
484;фоно;фоно;NOUN;_;Animacy=Inan|Case=Gen|Gender=Neut|Number=Sing;_;_;_;@kgg1994m-words#@kgg1994m#586.884#587.22
485;/;/;PUNCT;_;_;_;_;_;@kgg1994m-words#@kgg1994m#587.22#587.556
486;параллельно;параллельно;ADV;_;Degree=Pos;_;_;_;@kgg1994m-words#@kgg1994m#587.556#587.892
487;/;/;PUNCT;_;_;_;_;_;@kgg1994m-words#@kgg1994m#587.892#588.228
488;как;как;ADV;_;_;_;_;_;@kgg1994m-words#@kgg1994m#588.228#588.564
489;бы;бы;PART;_;_;_;_;_;@kgg1994m-words#@kgg1994m#588.564#588.9
490;с;с;ADP;_;_;_;_;_;@kgg1994m-words#@kgg1994m#588.9#589.236
491;ааа;ааа;INTJ;_;_;_;_;_;@kgg1994m-words#@kgg1994m#589.236#589.583
492;треками;трек;NOUN;_;Animacy=Inan|Case=Ins|Gender=Masc|Number=Plur;_;_;_;@kgg1994m-words#@kgg1994m#590.154#590.467
493;и;и;CCONJ;_;_;_;_;_;@kgg1994m-words#@kgg1994m#590.467#590.78
494;гитарой;гитара;NOUN;_;Animacy=Inan|Case=Ins|Gender=Fem|Number=Sing;_;_;_;@kgg1994m-words#@kgg1994m#590.78#591.093
495;/;/;PUNCT;_;_;_;_;_;@kgg1994m-words#@kgg1994m#591.093#591.406
496;и;и;CCONJ;_;_;_;_;_;@kgg1994m-words#@kgg1994m#591.406#591.719
497;это;это;PRON;_;Animacy=Inan|Case=Nom|Gender=Neut|Number=Sing;_;_;_;@kgg1994m-words#@kgg1994m#591.719#592.032
498;типа;типа;ADP;_;_;_;_;_;@kgg1994m-words#@kgg1994m#592.032#592.345
499;такой;такой;DET;_;Case=Gen|Gender=Fem|Number=Sing;_;_;_;@kgg1994m-words#@kgg1994m#592.345#592.658
500;какой-то;какой-то;DET;_;Case=Acc|Gender=Masc|Number=Sing;_;_;_;@kgg1994m-words#@kgg1994m#592.658#592.971
501;странный;странный;ADJ;_;Animacy=Inan|Case=Nom|Degree=Pos|Gender=Masc|Number=Sing;_;_;_;@kgg1994m-words#@kgg1994m#592.971#593.284
502;псевдоревер;псевдоревер;NOUN;_;Animacy=Inan|Case=Nom|Gender=Masc|Number=Sing;_;_;_;@kgg1994m-words#@kgg1994m#593.284#593.598
503;и;и;CCONJ;_;_;_;_;_;@kgg1994m-words#@kgg1994m#594.269#594.646
504;/;/;PUNCT;_;_;_;_;_;@kgg1994m-words#@kgg1994m#594.646#595.023
505;всякие;всякий;DET;_;Case=Nom|Number=Plur;_;_;_;@kgg1994m-words#@kgg1994m#595.023#595.4
506;такие;такой;DET;_;Case=Nom|Number=Plur;_;_;_;@kgg1994m-words#@kgg1994m#595.4#595.777
507;прикольчики;прикольчик;NOUN;_;Animacy=Inan|Case=Nom|Gender=Masc|Number=Plur;_;_;_;@kgg1994m-words#@kgg1994m#595.777#596.157
508;в;в;ADP;_;_;_;_;_;@kgg1994m-words#@kgg1994m#597.0#597.317
509;итоге;итог;NOUN;_;Animacy=Inan|Case=Loc|Gender=Masc|Number=Sing;_;_;_;@kgg1994m-words#@kgg1994m#597.317#597.634
510;альбом;альбом;NOUN;_;Animacy=Inan|Case=Acc|Gender=Masc|Number=Sing;_;_;_;@kgg1994m-words#@kgg1994m#597.634#597.951
511;/;/;PUNCT;_;_;_;_;_;@kgg1994m-words#@kgg1994m#597.951#598.268
512;ааа;ааа;ITNJ;_;_;_;_;_;@kgg1994m-words#@kgg1994m#598.268#598.585
513;/;/;PUNCT;_;_;_;_;_;@kgg1994m-words#@kgg1994m#598.585#598.902
514;весь;весь;DET;_;Case=Acc|Gender=Masc|Number=Sing;_;_;_;@kgg1994m-words#@kgg1994m#598.902#599.219
515;готовый;готовый;ADJ;_;Case=Acc|Degree=Pos|Gender=Masc|Number=Sing;_;_;_;@kgg1994m-words#@kgg1994m#599.219#599.536
516;мы;мы;PRON;_;Case=Nom|Number=Plur|Person=1;_;_;_;@kgg1994m-words#@kgg1994m#599.536#599.853
517;пропустили;пропустить;VERB;_;Aspect=Perf|Mood=Ind|Number=Plur|Tense=Past|VerbForm=Fin|Voice=Act;_;_;_;@kgg1994m-words#@kgg1994m#599.853#600.17
518;через;через;ADP;_;_;_;_;_;@kgg1994m-words#@kgg1994m#600.17#600.487
519;/;/;PUNCT;_;_;_;_;_;@kgg1994m-words#@kgg1994m#600.487#600.804
520;пленочную;пленочный;ADJ;_;Case=Acc|Degree=Pos|Gender=Fem|Number=Sing;_;_;_;@kgg1994m-words#@kgg1994m#600.804#601.121
521;катушку;катушка;NOUN;_;Animacy=Inan|Case=Acc|Gender=Fem|Number=Sing;_;_;_;@kgg1994m-words#@kgg1994m#601.121#601.438
522;за;за;ADP;_;_;_;_;_;@kgg1994m-words#@kgg1994m#601.438#601.755
523;две;два;NUM;_;Animacy=Inan|Case=Acc|Gender=Fem;_;_;_;@kgg1994m-words#@kgg1994m#601.755#602.072
524;тыщи;тысяча;NOUN;_;Animacy=Inan|Case=Gen|Gender=Fem|Number=Sing;_;_;_;@kgg1994m-words#@kgg1994m#602.072#602.389
525;рублей;рубль;NOUN;_;Animacy=Inan|Case=Gen|Gender=Masc|Number=Plur;_;_;_;@kgg1994m-words#@kgg1994m#602.389#602.715
526;оказалось;оказаться;VERB;_;Aspect=Perf|Gender=Neut|Mood=Ind|Number=Sing|Tense=Past|VerbForm=Fin|Voice=Mid;_;_;_;@kgg1994m-words#@kgg1994m#603.33#603.549
527;/;/;PUNCT;_;_;_;_;_;@kgg1994m-words#@kgg1994m#603.549#603.768
528;что;что;SCONJ;_;_;_;_;_;@kgg1994m-words#@kgg1994m#603.768#603.987
529;звучит;звучать;VERB;_;Aspect=Imp|Mood=Ind|Number=Sing|Person=3|Tense=Pres|VerbForm=Fin|Voice=Act;_;_;_;@kgg1994m-words#@kgg1994m#603.987#604.206
530;все;все;PRON;_;Animacy=Inan|Case=Nom|Gender=Neut|Number=Sing;_;_;_;@kgg1994m-words#@kgg1994m#604.206#604.425
531;равно;равно;ADV;_;Degree=Pos;_;_;_;@kgg1994m-words#@kgg1994m#604.425#604.644
532;очень;очень;ADV;_;_;_;_;_;@kgg1994m-words#@kgg1994m#604.644#604.863
533;круто;круто;ADV;_;Degree=Pos;_;_;_;@kgg1994m-words#@kgg1994m#604.863#605.089
534;ааа;ааа;INTJ;_;_;_;_;_;@kgg1994m-words#@kgg1994m#605.723#606.008
535;/;/;PUNCT;_;_;_;_;_;@kgg1994m-words#@kgg1994m#606.008#606.293
536;к;к;ADP;_;_;_;_;_;@kgg1994m-words#@kgg1994m#606.293#606.578
537;сожалению;сожаление;NOUN;_;Animacy=Inan|Case=Dat|Gender=Neut|Number=Sing;_;_;_;@kgg1994m-words#@kgg1994m#606.578#606.863
538;/;/;PUNCT;_;_;_;_;_;@kgg1994m-words#@kgg1994m#606.863#607.148
539;она;она;PRON;_;Case=Nom|Gender=Fem|Number=Sing|Person=3;_;_;_;@kgg1994m-words#@kgg1994m#607.148#607.433
540;/;/;PUNCT;_;_;_;_;_;@kgg1994m-words#@kgg1994m#607.433#607.718
541;сожрала;сожрать;VERB;_;Aspect=Perf|Gender=Fem|Mood=Ind|Number=Sing|Tense=Past|VerbForm=Fin|Voice=Act;_;_;_;@kgg1994m-words#@kgg1994m#607.718#608.003
542;кучу;куча;NOUN;_;Animacy=Inan|Case=Acc|Gender=Fem|Number=Sing;_;_;_;@kgg1994m-words#@kgg1994m#608.003#608.288
543;баса;бас;NOUN;_;Animacy=Inan|Case=Gen|Gender=Masc|Number=Sing;_;_;_;@kgg1994m-words#@kgg1994m#608.288#608.573
544;и;и;CCONJ;_;_;_;_;_;@kgg1994m-words#@kgg1994m#608.803#609.106
545;Петя;Петя;PROPN;_;Animacy=Anim|Case=Nom|Gender=Masc|Number=Sing;_;_;_;@kgg1994m-words#@kgg1994m#609.216#609.552
546;очень;очень;ADV;_;_;_;_;_;@kgg1994m-words#@kgg1994m#609.552#609.888
547;расстроился;расстроиться;VERB;_;Aspect=Perf|Gender=Masc|Mood=Ind|Number=Sing|Tense=Past|VerbForm=Fin|Voice=Mid;_;_;_;@kgg1994m-words#@kgg1994m#609.888#610.224
548;потом;потом;ADV;_;_;_;_;_;@kgg1994m-words#@kgg1994m#610.224#610.563
549;но;но;CCONJ;_;_;_;_;_;@kgg1994m-words#@kgg1994m#611.589#611.786
550;/;/;PUNCT;_;_;_;_;_;@kgg1994m-words#@kgg1994m#611.786#611.983
551;в;в;ADP;_;_;_;_;_;@kgg1994m-words#@kgg1994m#611.983#612.18
552;целом;целое;NOUN;_;Animacy=Inan|Case=Loc|Gender=Neut|Number=Sing;_;_;_;@kgg1994m-words#@kgg1994m#612.18#612.377
553;/;/;PUNCT;_;_;_;_;_;@kgg1994m-words#@kgg1994m#612.377#612.574
554;я;я;PRON;_;Case=Nom|Number=Sing|Person=1;_;_;_;@kgg1994m-words#@kgg1994m#612.574#612.771
555;доволен;довольный;ADJ;_;Degree=Pos|Gender=Masc|Number=Sing|Variant=Short;_;_;_;@kgg1994m-words#@kgg1994m#612.771#612.968
556;как;как;SCONJ;_;_;_;_;_;@kgg1994m-words#@kgg1994m#612.968#613.165
557;все;все;PRON;_;Animacy=Inan|Case=Nom|Gender=Neut|Number=Sing;_;_;_;@kgg1994m-words#@kgg1994m#613.165#613.362
558;звучит;звучать;VERB;_;Aspect=Imp|Mood=Ind|Number=Sing|Person=3|Tense=Pres|VerbForm=Fin|Voice=Act;_;_;_;@kgg1994m-words#@kgg1994m#613.362#613.561
559;да;да;PART;_;_;_;_;_;@kgg1994m-words#@kgg1994m#616.368#616.89
560;да;да;PART;_;_;_;_;_;@kgg1994m-words#@kgg1994m#620.089#620.233
561;да;да;PART;_;_;_;_;_;@kgg1994m-words#@kgg1994m#620.233#620.234
562;[нрзб];[нрзб];X;_;_;_;_;_;@kgg1994m-words#@kgg1994m#621.447#622.033
563;да;да;PART;_;_;_;_;_;@kgg1994m-words#@kgg1994m#622.275#622.457
564;/;/;PUNCT;_;_;_;_;_;@kgg1994m-words#@kgg1994m#622.457#622.639
565;это;это;PRON;_;Animacy=Inan|Case=Nom|Gender=Neut|Number=Sing;_;_;_;@kgg1994m-words#@kgg1994m#622.639#622.821
566;Петя;Петя;PROPN;_;Animacy=Anim|Case=Nom|Gender=Masc|Number=Sing;_;_;_;@kgg1994m-words#@kgg1994m#622.821#623.003
567;играет;играть;VERB;_;Aspect=Imp|Mood=Ind|Number=Sing|Person=3|Tense=Pres|VerbForm=Fin|Voice=Act;_;_;_;@kgg1994m-words#@kgg1994m#623.003#623.186
568;ну;ну;PART;_;_;_;_;_;@kgg1994m-words#@kgg1994m#626.486#626.704
569;да;да;PART;_;_;_;_;_;@kgg1994m-words#@kgg1994m#626.704#626.922
570;/;/;PUNCT;_;_;_;_;_;@kgg1994m-words#@kgg1994m#626.922#627.14
571;вообще;вообще;ADV;_;_;_;_;_;@kgg1994m-words#@kgg1994m#627.14#627.358
572;/;/;PUNCT;_;_;_;_;_;@kgg1994m-words#@kgg1994m#627.358#627.576
573;по;по;ADP;_;_;_;_;_;@kgg1994m-words#@kgg1994m#627.576#627.794
574;классу;класс;NOUN;_;Animacy=Inan|Case=Dat|Gender=Masc|Number=Sing;_;_;_;@kgg1994m-words#@kgg1994m#627.794#628.012
575;/;/;PUNCT;_;_;_;_;_;@kgg1994m-words#@kgg1994m#628.012#628.23
576;по;по;ADP;_;_;_;_;_;@kgg1994m-words#@kgg1994m#628.23#628.448
577;классу;класс;NOUN;_;Animacy=Inan|Case=Dat|Gender=Masc|Number=Sing;_;_;_;@kgg1994m-words#@kgg1994m#628.448#628.666
578;аккордеона;аккордеон;NOUN;_;Animacy=Inan|Case=Gen|Gender=Masc|Number=Sing;_;_;_;@kgg1994m-words#@kgg1994m#628.666#628.884
579;на;на;ADP;_;_;_;_;_;@kgg1994m-words#@kgg1994m#628.884#629.102
580;самом;самый;DET;_;Case=Loc|Degree=Pos|Gender=Neut|Number=Sing;_;_;_;@kgg1994m-words#@kgg1994m#629.102#629.32
581;деле;дело;NOUN;_;Animacy=Inan|Case=Loc|Gender=Neut|Number=Sing;_;_;_;@kgg1994m-words#@kgg1994m#629.32#629.55
582;но;но;CCONJ;_;_;_;_;_;@kgg1994m-words#@kgg1994m#630.299#630.454
583;он;он;PRON;_;Case=Nom|Gender=Masc|Number=Sing|Person=3;_;_;_;@kgg1994m-words#@kgg1994m#630.454#630.609
584;умеет;уметь;VERB;_;Aspect=Imp|Mood=Ind|Number=Sing|Person=3|Tense=Pres|VerbForm=Fin|Voice=Act;_;_;_;@kgg1994m-words#@kgg1994m#630.609#630.764
585;играть;играть;VERB;_;Aspect=Imp|VerbForm=Inf|Voice=Act;_;_;_;@kgg1994m-words#@kgg1994m#630.764#630.919
586;на;на;ADP;_;_;_;_;_;@kgg1994m-words#@kgg1994m#630.919#631.074
587;фоно;фоно;NOUN;_;Animacy=Inan|Case=Loc|Gender=Neut|Number=Sing;_;_;_;@kgg1994m-words#@kgg1994m#631.074#631.229
588;/;/;PUNCT;_;_;_;_;_;@kgg1994m-words#@kgg1994m#631.229#631.384
589;да;да;PART;_;_;_;_;_;@kgg1994m-words#@kgg1994m#631.384#631.539
590;у;у;ADP;_;_;_;_;_;@kgg1994m-words#@kgg1994m#634.442#634.749
591;нас;мы;PRON;_;Case=Gen|Number=Plur|Person=1;_;_;_;@kgg1994m-words#@kgg1994m#634.749#635.056
592;была;быть;VERB;_;Aspect=Imp|Gender=Fem|Mood=Ind|Number=Sing|Tense=Past|VerbForm=Fin|Voice=Act;_;_;_;@kgg1994m-words#@kgg1994m#635.056#635.363
593;такая;такой;DET;_;Case=Nom|Gender=Fem|Number=Sing;_;_;_;@kgg1994m-words#@kgg1994m#635.363#635.67
594;идея;идея;NOUN;_;Animacy=Inan|Case=Nom|Gender=Fem|Number=Sing;_;_;_;@kgg1994m-words#@kgg1994m#635.67#635.977
595;/;/;PUNCT;_;_;_;_;_;@kgg1994m-words#@kgg1994m#635.977#636.284
596;что;что;SCONJ;_;_;_;_;_;@kgg1994m-words#@kgg1994m#636.284#636.591
597;у;у;ADP;_;_;_;_;_;@kgg1994m-words#@kgg1994m#636.591#636.898
598;нас;мы;PRON;_;Case=Gen|Number=Plur|Person=1;_;_;_;@kgg1994m-words#@kgg1994m#636.898#637.205
599;должен;должен;ADJ;_;Degree=Pos|Gender=Masc|Number=Sing|Variant=Short;_;_;_;@kgg1994m-words#@kgg1994m#637.205#637.512
600;быть;быть;VERB;_;Aspect=Imp|VerbForm=Inf|Voice=Act;_;_;_;@kgg1994m-words#@kgg1994m#637.512#637.819
601;какой-то;какой-то;DET;_;Case=Nom|Gender=Masc|Number=Sing;_;_;_;@kgg1994m-words#@kgg1994m#637.819#638.126
602;один;один;NUM;_;Case=Nom|Gender=Masc;_;_;_;@kgg1994m-words#@kgg1994m#638.126#638.433
603;инструментальный;инструментальный;ADJ;_;Case=Nom|Degree=Pos|Gender=Masc|Number=Sing;_;_;_;@kgg1994m-words#@kgg1994m#638.433#638.74
604;трек;трек;NOUN;_;Animacy=Inan|Case=Nom|Gender=Fem|Number=Plur;_;_;_;@kgg1994m-words#@kgg1994m#638.74#639.047
605;/;/;PUNCT;_;_;_;_;_;@kgg1994m-words#@kgg1994m#639.047#639.354
606;на;на;ADP;_;_;_;_;_;@kgg1994m-words#@kgg1994m#639.354#639.673
607;альбоме;альбом;NOUN;_;Animacy=Inan|Case=Loc|Gender=Masc|Number=Sing;_;_;_;@kgg1994m-words#@kgg1994m#639.75#640.331
608;ааа;ааа;INTJ;_;_;_;_;_;@kgg1994m-words#@kgg1994m#641.4#641.68
609;/;/;PUNCT;_;_;_;_;_;@kgg1994m-words#@kgg1994m#641.68#641.96
610;он;он;PRON;_;Case=Nom|Gender=Masc|Number=Sing|Person=3;_;_;_;@kgg1994m-words#@kgg1994m#641.96#642.24
611;даже;даже;PART;_;_;_;_;_;@kgg1994m-words#@kgg1994m#642.24#642.52
612;был;быть;AUX;_;Aspect=Imp|Gender=Masc|Mood=Ind|Number=Sing|Tense=Past|VerbForm=Fin|Voice=Act;_;_;_;@kgg1994m-words#@kgg1994m#642.52#642.8
613;/;/;PUNCT;_;_;_;_;_;@kgg1994m-words#@kgg1994m#642.8#643.08
614;записан;записан;VERB;_;Aspect=Perf|Gender=Masc|Number=Sing|Tense=Past|Variant=Short|VerbForm=Part|Voice=Pass;_;_;_;@kgg1994m-words#@kgg1994m#643.08#643.36
615;это;это;PRON;_;Animacy=Inan|Case=Nom|Gender=Neut|Number=Sing;_;_;_;@kgg1994m-words#@kgg1994m#643.36#643.64
616;просто;просто;PART;_;_;_;_;_;@kgg1994m-words#@kgg1994m#643.64#643.92
617;типа;тип;NOUN;_;Animacy=Inan|Case=Gen|Gender=Masc|Number=Sing;_;_;_;@kgg1994m-words#@kgg1994m#643.92#644.2
618;какой-то;какой-то;DET;_;Case=Nom|Gender=Masc|Number=Sing;_;_;_;@kgg1994m-words#@kgg1994m#644.2#644.48
619;/;/;PUNCT;_;_;_;_;_;@kgg1994m-words#@kgg1994m#644.48#644.76
620;ст...;странный;ADJ;_;Case=Nom|Degree=Pos|Gender=Masc|Number=Sing;_;_;_;@kgg1994m-words#@kgg1994m#644.76#645.04
621;странный;странный;ADJ;_;Case=Nom|Degree=Pos|Gender=Masc|Number=Sing;_;_;_;@kgg1994m-words#@kgg1994m#645.04#645.32
622;гитарный;гитарный;ADJ;_;Case=Nom|Degree=Pos|Gender=Masc|Number=Sing;_;_;_;@kgg1994m-words#@kgg1994m#645.32#645.6
623;инструментал;инструментал;NOUN;_;Animacy=Inan|Case=Nom|Gender=Masc|Number=Sing;_;_;_;@kgg1994m-words#@kgg1994m#645.6#645.88
624;/;/;PUNCT;_;_;_;_;_;@kgg1994m-words#@kgg1994m#645.88#646.16
625;где;где;ADV;_;_;_;_;_;@kgg1994m-words#@kgg1994m#646.16#646.44
626;больше;больше;PART;_;_;_;_;_;@kgg1994m-words#@kgg1994m#646.44#646.72
627;ничего;ничто;PRON;_;Case=Gen;_;_;_;@kgg1994m-words#@kgg1994m#646.72#647.0
628;нет;нет;VERB;_;Aspect=Imp|Mood=Ind|Number=Sing|Person=3|Tense=Pres|VerbForm=Fin|Voice=Act;_;_;_;@kgg1994m-words#@kgg1994m#647.0#647.28
629;ааа;ааа;INTJ;_;_;_;_;_;@kgg1994m-words#@kgg1994m#647.985#648.294
630;/;/;PUNCT;_;_;_;_;_;@kgg1994m-words#@kgg1994m#648.294#648.603
631;потом;потом;ADV;_;_;_;_;_;@kgg1994m-words#@kgg1994m#648.603#648.912
632;во;в;ADP;_;_;_;_;_;@kgg1994m-words#@kgg1994m#648.912#649.221
633;второй;второй;ADJ;_;Animacy=Inan|Case=Acc|Degree=Pos|Gender=Masc|Number=Sing;_;_;_;@kgg1994m-words#@kgg1994m#649.221#649.53
634;/;/;PUNCT;_;_;_;_;_;@kgg1994m-words#@kgg1994m#649.53#649.839
635;эпизод;эпизод;NOUN;_;Animacy=Inan|Case=Acc|Gender=Masc|Number=Sing;_;_;_;@kgg1994m-words#@kgg1994m#649.839#650.148
636;нашей;наш;DET;_;Case=Gen|Gender=Fem|Number=Sing;_;_;_;@kgg1994m-words#@kgg1994m#650.148#650.457
637;записи;запись;NOUN;_;Animacy=Inan|Case=Gen|Gender=Fem|Number=Sing;_;_;_;@kgg1994m-words#@kgg1994m#650.457#650.766
638;/;/;PUNCT;_;_;_;_;_;@kgg1994m-words#@kgg1994m#650.766#651.075
639;ааа;ааа;INTJ;_;_;_;_;_;@kgg1994m-words#@kgg1994m#651.075#651.384
640;/;/;PUNCT;_;_;_;_;_;@kgg1994m-words#@kgg1994m#651.384#651.693
641;мы;мы;PRON;_;Case=Nom|Number=Plur|Person=1;_;_;_;@kgg1994m-words#@kgg1994m#651.693#652.012
642;придумали;придумать;VERB;_;Aspect=Perf|Mood=Ind|Number=Plur|Tense=Past|VerbForm=Fin|Voice=Act;_;_;_;@kgg1994m-words#@kgg1994m#652.324#652.724
643;и;и;CCONJ;_;_;_;_;_;@kgg1994m-words#@kgg1994m#652.724#653.124
644;записали;записать;VERB;_;Aspect=Perf|Mood=Ind|Number=Plur|Tense=Past|VerbForm=Fin|Voice=Act;_;_;_;@kgg1994m-words#@kgg1994m#653.124#653.524
645;песню;песня;NOUN;_;Animacy=Inan|Case=Acc|Gender=Fem|Number=Sing;_;_;_;@kgg1994m-words#@kgg1994m#653.524#653.924
646;Вечеринка;вечеринка;PROPN;_;Animacy=Inan|Case=Nom|Gender=Fem|Number=Sing;_;_;_;@kgg1994m-words#@kgg1994m#653.924#654.324
647;и;и;CCONJ;_;_;_;_;_;@kgg1994m-words#@kgg1994m#654.933#655.185
648;концепция;концепция;NOUN;_;Animacy=Inan|Case=Nom|Gender=Fem|Number=Sing;_;_;_;@kgg1994m-words#@kgg1994m#655.185#655.437
649;начала;начать;VERB;_;Aspect=Perf|Gender=Fem|Mood=Ind|Number=Sing|Tense=Past|VerbForm=Fin|Voice=Act;_;_;_;@kgg1994m-words#@kgg1994m#655.437#655.689
650;рушиться;рушиться;VERB;_;Aspect=Imp|VerbForm=Inf|Voice=Mid;_;_;_;@kgg1994m-words#@kgg1994m#655.689#655.941
651;/;/;PUNCT;_;_;_;_;_;@kgg1994m-words#@kgg1994m#655.941#656.193
652;потому;потому;ADV;_;_;_;_;_;@kgg1994m-words#@kgg1994m#656.193#656.445
653;что;что;SCONJ;_;_;_;_;_;@kgg1994m-words#@kgg1994m#656.445#656.697
654;мы;мы;PRON;_;Case=Nom|Number=Plur|Person=1;_;_;_;@kgg1994m-words#@kgg1994m#656.697#656.949
655;хотели;хотеть;VERB;_;Aspect=Imp|Mood=Ind|Number=Plur|Tense=Past|VerbForm=Fin|Voice=Act;_;_;_;@kgg1994m-words#@kgg1994m#656.949#657.201
656;/;/;PUNCT;_;_;_;_;_;@kgg1994m-words#@kgg1994m#657.201#657.453
657;чтоб;чтобы;SCONJ;_;_;_;_;_;@kgg1994m-words#@kgg1994m#657.453#657.705
658;было;быть;VERB;_;Aspect=Imp|Gender=Neut|Mood=Ind|Number=Sing|Tense=Past|VerbForm=Fin|Voice=Act;_;_;_;@kgg1994m-words#@kgg1994m#657.705#657.957
659;двенадцать;двенадцать;NUM;_;Case=Nom;_;_;_;@kgg1994m-words#@kgg1994m#657.957#658.209
660;песен;песня;NOUN;_;Animacy=Inan|Case=Gen|Gender=Fem|Number=Plur;_;_;_;@kgg1994m-words#@kgg1994m#658.209#658.461
661;/;/;PUNCT;_;_;_;_;_;@kgg1994m-words#@kgg1994m#658.461#658.713
662;чтоб;чтобы;SCONJ;_;_;_;_;_;@kgg1994m-words#@kgg1994m#658.713#658.965
663;был;быть;VERB;_;Aspect=Imp|Gender=Masc|Mood=Ind|Number=Sing|Tense=Past|VerbForm=Fin|Voice=Act;_;_;_;@kgg1994m-words#@kgg1994m#658.965#659.217
664;один;один;NUM;_;Animacy=Inan|Case=Nom|Gender=Masc;_;_;_;@kgg1994m-words#@kgg1994m#659.217#659.469
665;инструментал;инструментал;NOUN;_;Animacy=Inan|Case=Nom|Gender=Masc|Number=Sing;_;_;_;@kgg1994m-words#@kgg1994m#659.469#659.73
666;и;и;CCONJ;_;_;_;_;_;@kgg1994m-words#@kgg1994m#660.335#660.575
667;мне;я;PRON;_;Case=Dat|Number=Sing|Person=1;_;_;_;@kgg1994m-words#@kgg1994m#660.575#660.815
668;не;не;PART;_;_;_;_;_;@kgg1994m-words#@kgg1994m#660.815#661.055
669;очень;очень;ADV;_;_;_;_;_;@kgg1994m-words#@kgg1994m#661.055#661.295
670;нравился;нравиться;VERB;_;Aspect=Perf|Gender=Masc|Mood=Ind|Number=Sing|Tense=Past|VerbForm=Fin|Voice=Mid;_;_;_;@kgg1994m-words#@kgg1994m#661.295#661.538
671;ааа;ааа;INTJ;_;_;_;_;_;@kgg1994m-words#@kgg1994m#662.391#662.658
672;/;/;PUNCT;_;_;_;_;_;@kgg1994m-words#@kgg1994m#662.658#662.925
673;на;на;ADP;_;_;_;_;_;@kgg1994m-words#@kgg1994m#662.925#663.192
674;самом;самый;DET;_;Case=Loc|Degree=Pos|Gender=Neut|Number=Sing;_;_;_;@kgg1994m-words#@kgg1994m#663.192#663.459
675;деле;дело;NOUN;_;Animacy=Inan|Case=Loc|Gender=Neut|Number=Sing;_;_;_;@kgg1994m-words#@kgg1994m#663.459#663.726
676;вот;вот;PART;_;_;_;_;_;@kgg1994m-words#@kgg1994m#663.726#663.993
677;этот;этот;DET;_;Case=Acc|Gender=Masc|Number=Sing;_;_;_;@kgg1994m-words#@kgg1994m#663.993#664.26
678;инструментал;инструментал;NOUN;_;Animacy=Inan|Case=Acc|Gender=Masc|Number=Sing;_;_;_;@kgg1994m-words#@kgg1994m#664.26#664.527
679;/;/;PUNCT;_;_;_;_;_;@kgg1994m-words#@kgg1994m#664.527#664.794
680;который;который;PRON;_;Case=Acc;_;_;_;@kgg1994m-words#@kgg1994m#664.794#665.061
681;я;я;PRON;_;Case=Nom|Number=Sing|Person=1;_;_;_;@kgg1994m-words#@kgg1994m#665.061#665.328
682;записал;записать;VERB;_;Aspect=Perf|Gender=Masc|Mood=Ind|Number=Sing|Tense=Past|VerbForm=Fin|Voice=Act;_;_;_;@kgg1994m-words#@kgg1994m#665.328#665.599
683;ааа;ааа;INTJ;_;_;_;_;_;@kgg1994m-words#@kgg1994m#666.493#667.346
684;и;и;CCONJ;_;_;_;_;_;@kgg1994m-words#@kgg1994m#667.557#667.784
685;мы;мы;PRON;_;Case=Nom|Number=Plur|Person=1;_;_;_;@kgg1994m-words#@kgg1994m#667.784#668.011
686;решили;решить;VERB;_;Aspect=Perf|Mood=Ind|Number=Plur|Tense=Past|VerbForm=Fin|Voice=Act;_;_;_;@kgg1994m-words#@kgg1994m#668.011#668.238
687;сделать;сделать;VERB;_;Aspect=Perf|VerbForm=Inf|Voice=Act;_;_;_;@kgg1994m-words#@kgg1994m#668.238#668.465
688;такое;такой;DET;_;Case=Acc|Gender=Neut|Number=Sing;_;_;_;@kgg1994m-words#@kgg1994m#668.465#668.692
689;небольшое;небольшой;ADJ;_;Case=Acc|Degree=Pos|Gender=Neut|Number=Sing;_;_;_;@kgg1994m-words#@kgg1994m#668.692#668.919
690;попурри;попурри;NOUN;_;Animacy=Inan|Case=Acc|Gender=Masc|Number=Sing;_;_;_;@kgg1994m-words#@kgg1994m#668.919#669.146
691;/;/;PUNCT;_;_;_;_;_;@kgg1994m-words#@kgg1994m#669.146#669.373
692;то;то;PRON;_;Animacy=Inan|Case=Nom|Gender=Neut|Number=Sing;_;_;_;@kgg1994m-words#@kgg1994m#669.373#669.6
693;есть;быть;VERB;_;Aspect=Imp|Mood=Ind|Number=Sing|Person=3|Tense=Pres|VerbForm=Fin|Voice=Act;_;_;_;@kgg1994m-words#@kgg1994m#669.6#669.827
694;вот;вот;PART;_;_;_;_;_;@kgg1994m-words#@kgg1994m#669.827#670.054
695;тон...;тон...;X;_;_;_;_;_;@kgg1994m-words#@kgg1994m#670.054#670.281
696;/;/;PUNCT;_;_;_;_;_;@kgg1994m-words#@kgg1994m#670.281#670.508
697;то;то;PRON;_;Animacy=Inan|Case=Nom|Gender=Neut|Number=Sing;_;_;_;@kgg1994m-words#@kgg1994m#670.508#670.735
698;/;/;PUNCT;_;_;_;_;_;@kgg1994m-words#@kgg1994m#670.735#670.962
699;с;с;ADP;_;_;_;_;_;@kgg1994m-words#@kgg1994m#670.962#671.189
700;чего;что;PRON;_;Case=Gen;_;_;_;@kgg1994m-words#@kgg1994m#671.189#671.416
701;начинается;начинаться;VERB;_;Aspect=Imp|Mood=Ind|Number=Sing|Person=3|Tense=Pres|VerbForm=Fin|Voice=Mid;_;_;_;@kgg1994m-words#@kgg1994m#671.416#671.643
702;/;/;PUNCT;_;_;_;_;_;@kgg1994m-words#@kgg1994m#671.643#671.87
703;эта;этот;DET;_;Case=Nom|Gender=Fem|Number=Sing;_;_;_;@kgg1994m-words#@kgg1994m#671.87#672.107
704;этот;этот;DET;_;Case=Nom|Gender=Masc|Number=Sing;_;_;_;@kgg1994m-words#@kgg1994m#673.913#673.967
705;тайтл-трек;тайтлтрек;NOUN;_;Animacy=Inan|Case=Nom|Gender=Masc|Number=Sing;_;_;_;@kgg1994m-words#@kgg1994m#675.499#676.161
706;грубо;грубо;ADV;_;Degree=Pos;_;_;_;@kgg1994m-words#@kgg1994m#676.381#676.706
707;говоря;говорить;VERB;_;Aspect=Imp|Tense=Pres|VerbForm=Conv|Voice=Act;_;_;_;@kgg1994m-words#@kgg1994m#676.706#677.031
708;это;это;PRON;_;Animacy=Inan|Case=Acc|Gender=Neut|Number=Sing;_;_;_;@kgg1994m-words#@kgg1994m#677.422#677.603
709;/;/;PUNCT;_;_;_;_;_;@kgg1994m-words#@kgg1994m#677.603#677.784
710;это;это;PRON;_;Animacy=Inan|Case=Acc|Gender=Neut|Number=Sing;_;_;_;@kgg1994m-words#@kgg1994m#677.784#677.965
711;же;же;PART;_;_;_;_;_;@kgg1994m-words#@kgg1994m#677.965#678.146
712;заглавная;заглавный;ADJ;_;Case=Nom|Degree=Pos|Gender=Fem|Number=Sing;_;_;_;@kgg1994m-words#@kgg1994m#678.146#678.327
713;тема;тема;NOUN;_;Animacy=Inan|Case=Nom|Gender=Fem|Number=Sing;_;_;_;@kgg1994m-words#@kgg1994m#678.327#678.508
714;альбома;альбом;NOUN;_;Animacy=Inan|Case=Gen|Gender=Masc|Number=Sing;_;_;_;@kgg1994m-words#@kgg1994m#678.508#678.689
715;/;/;PUNCT;_;_;_;_;_;@kgg1994m-words#@kgg1994m#678.689#678.87
716;то;то;SCONJ;_;_;_;_;_;@kgg1994m-words#@kgg1994m#678.87#679.051
717;чем;чем;SCONJ;_;_;_;_;_;@kgg1994m-words#@kgg1994m#679.051#679.232
718;за...;за...;X;_;_;_;_;_;@kgg1994m-words#@kgg1994m#679.232#679.413
719;/;/;PUNCT;_;_;_;_;_;@kgg1994m-words#@kgg1994m#679.413#679.594
720;то;то;SCONJ;_;_;_;_;_;@kgg1994m-words#@kgg1994m#679.594#679.775
721;/;/;PUNCT;_;_;_;_;_;@kgg1994m-words#@kgg1994m#679.775#679.956
722;т...;т...;X;_;_;_;_;_;@kgg1994m-words#@kgg1994m#679.956#680.137
723;т...;т...;X;_;_;_;_;_;@kgg1994m-words#@kgg1994m#680.137#680.318
724;третий;третий;ADJ;_;Animacy=Inan|Case=Acc|Degree=Pos|Gender=Masc|Number=Sing;_;_;_;@kgg1994m-words#@kgg1994m#681.063#681.317
725;куплет;куплет;NOUN;_;Animacy=Inan|Case=Acc|Gender=Masc|Number=Sing;_;_;_;@kgg1994m-words#@kgg1994m#681.317#681.571
726;Памяти;память;PROPN;_;Animacy=Inan|Case=Gen|Gender=Fem|Number=Sing;_;_;_;@kgg1994m-words#@kgg1994m#681.571#681.825
727;/;/;PUNCT;_;_;_;_;_;@kgg1994m-words#@kgg1994m#681.825#682.079
728;и;и;CCONJ;_;_;_;_;_;@kgg1994m-words#@kgg1994m#682.079#682.333
729;финал;финал;NOUN;_;Animacy=Inan|Case=Nom|Gender=Masc|Number=Sing;_;_;_;@kgg1994m-words#@kgg1994m#682.333#682.587
730;всего;весь;DET;_;Case=Gen|Gender=Masc|Number=Sing;_;_;_;@kgg1994m-words#@kgg1994m#682.587#682.841
731;альбома;альбом;NOUN;_;Animacy=Inan|Case=Gen|Gender=Masc|Number=Sing;_;_;_;@kgg1994m-words#@kgg1994m#682.841#683.095
732;В;в;ADP;_;_;_;_;_;@kgg1994m-words#@kgg1994m#683.095#683.349
733;сколько;сколько;NUM;_;_;_;_;_;@kgg1994m-words#@kgg1994m#683.349#683.603
734;раз;раз;NOUN;_;Animacy=Inan|Case=Gen|Gender=Masc|Number=Plur;_;_;_;@kgg1994m-words#@kgg1994m#683.603#683.864
735;то;то;PRON;_;Animacy=Inan|Case=Nom|Gender=Neut|Number=Sing;_;_;_;@kgg1994m-words#@kgg1994m#684.226#684.39
736;есть;быть;VERB;_;Aspect=Imp|Mood=Ind|Number=Sing|Person=3|Tense=Pres|VerbForm=Fin|Voice=Act;_;_;_;@kgg1994m-words#@kgg1994m#684.39#684.554
737;это;это;PRON;_;Animacy=Inan|Case=Nom|Gender=Neut|Number=Sing;_;_;_;@kgg1994m-words#@kgg1994m#684.554#684.718
738;вот;вот;PART;_;_;_;_;_;@kgg1994m-words#@kgg1994m#684.718#684.882
739;это;это;PRON;_;Animacy=Inan|Case=Nom|Gender=Neut|Number=Sing;_;_;_;@kgg1994m-words#@kgg1994m#684.882#685.046
740;/;/;PUNCT;_;_;_;_;_;@kgg1994m-words#@kgg1994m#685.046#685.21
741;вот;вот;PART;_;_;_;_;_;@kgg1994m-words#@kgg1994m#685.21#685.374
742;это;это;DET;_;Case=Nom|Gender=Neut|Number=Sing;_;_;_;@kgg1994m-words#@kgg1994m#685.374#685.538
743;вот;вот;PART;_;_;_;_;_;@kgg1994m-words#@kgg1994m#685.538#685.702
744;арпеджио;арпеджио;NOUN;_;Animacy=Inan|Case=Nom|Gender=Neut|Number=Sing;_;_;_;@kgg1994m-words#@kgg1994m#685.702#685.873
745;ааа;ааа;INTJ;_;_;_;_;_;@kgg1994m-words#@kgg1994m#686.448#686.813
746;/;/;PUNCT;_;_;_;_;_;@kgg1994m-words#@kgg1994m#686.813#687.178
747;в;в;INTJ;_;_;_;_;_;@kgg1994m-words#@kgg1994m#687.178#687.543
748;/;/;PUNCT;_;_;_;_;_;@kgg1994m-words#@kgg1994m#687.543#687.908
749;такой;такой;DET;_;Case=Nom|Gender=Masc|Number=Sing;_;_;_;@kgg1994m-words#@kgg1994m#687.908#688.273
750;вальс;вальс;NOUN;_;Animacy=Inan|Case=Nom|Gender=Masc|Number=Sing;_;_;_;@kgg1994m-words#@kgg1994m#688.273#688.638
751;/;/;PUNCT;_;_;_;_;_;@kgg1994m-words#@kgg1994m#688.638#689.003
752;небольшой;небольшой;ADJ;_;Case=Acc|Degree=Pos|Gender=Masc|Number=Sing;_;_;_;@kgg1994m-words#@kgg1994m#689.003#689.369
753;Петя;Петя;PROPN;_;Animacy=Anim|Case=Nom|Gender=Masc|Number=Sing;_;_;_;@kgg1994m-words#@kgg1994m#689.405#689.767
754;из;из;ADP;_;_;_;_;_;@kgg1994m-words#@kgg1994m#689.767#690.129
755;него;он;PRON;_;Case=Gen|Gender=Masc|Number=Sing|Person=3;_;_;_;@kgg1994m-words#@kgg1994m#690.129#690.491
756;переходит;переходить;VERB;_;Aspect=Imp|Mood=Ind|Number=Sing|Person=3|Tense=Pres|VerbForm=Fin|Voice=Act;_;_;_;@kgg1994m-words#@kgg1994m#690.491#690.853
757;ааа;ааа;INTJ;_;_;_;_;_;@kgg1994m-words#@kgg1994m#690.953#691.561
758;в;в;ADP;_;_;_;_;_;@kgg1994m-words#@kgg1994m#692.251#692.528
759;/;/;PUNCT;_;_;_;_;_;@kgg1994m-words#@kgg1994m#692.528#692.805
760;вокальную;вокальный;ADJ;_;Case=Acc|Degree=Pos|Gender=Fem|Number=Sing;_;_;_;@kgg1994m-words#@kgg1994m#692.805#693.082
761;мелодию;мелодия;NOUN;_;Animacy=Inan|Case=Acc|Gender=Fem|Number=Sing;_;_;_;@kgg1994m-words#@kgg1994m#693.082#693.359
762;песни;песня;NOUN;_;Animacy=Inan|Case=Gen|Gender=Fem|Number=Sing;_;_;_;@kgg1994m-words#@kgg1994m#693.359#693.636
763;Мандельштам;Мандельштам;PROPN;_;Animacy=Anim|Case=Nom|Gender=Masc|Number=Sing;_;_;_;@kgg1994m-words#@kgg1994m#693.636#693.913
764;/;/;PUNCT;_;_;_;_;_;@kgg1994m-words#@kgg1994m#693.913#694.19
765;с;с;ADP;_;_;_;_;_;@kgg1994m-words#@kgg1994m#694.19#694.467
766;первого;первый;ADJ;_;Case=Gen|Degree=Pos|Gender=Masc|Number=Sing;_;_;_;@kgg1994m-words#@kgg1994m#694.467#694.744
767;альбома;альбом;NOUN;_;Animacy=Inan|Case=Gen|Gender=Masc|Number=Sing;_;_;_;@kgg1994m-words#@kgg1994m#694.744#695.021
768;/;/;PUNCT;_;_;_;_;_;@kgg1994m-words#@kgg1994m#695.021#695.298
769;там;там;ADV;_;_;_;_;_;@kgg1994m-words#@kgg1994m#695.298#695.575
770;дальше;далеко;ADV;_;Degree=Cmp;_;_;_;@kgg1994m-words#@kgg1994m#695.575#695.852
771;начинается;начинаться;VERB;_;Aspect=Imp|Mood=Ind|Number=Sing|Person=3|Tense=Pres|VerbForm=Fin|Voice=Mid;_;_;_;@kgg1994m-words#@kgg1994m#695.852#696.129
772;какой-то;какой-то;DET;_;Case=Nom|Gender=Masc|Number=Sing;_;_;_;@kgg1994m-words#@kgg1994m#696.129#696.406
773;небольшой;небольшой;ADJ;_;Case=Nom|Degree=Pos|Gender=Masc|Number=Sing;_;_;_;@kgg1994m-words#@kgg1994m#696.406#696.683
774;джем;джем;NOUN;_;Animacy=Inan|Case=Nom|Gender=Masc|Number=Sing;_;_;_;@kgg1994m-words#@kgg1994m#696.683#696.96
775;/;/;PUNCT;_;_;_;_;_;@kgg1994m-words#@kgg1994m#696.96#697.237
776;и;и;CCONJ;_;_;_;_;_;@kgg1994m-words#@kgg1994m#697.237#697.514
777;потом;потом;ADV;_;_;_;_;_;@kgg1994m-words#@kgg1994m#697.514#697.791
778;это;это;PRON;_;Animacy=Inan|Case=Nom|Gender=Neut|Number=Sing;_;_;_;@kgg1994m-words#@kgg1994m#697.791#698.068
779;все;весь;DET;_;Case=Nom|Gender=Neut|Number=Sing;_;_;_;@kgg1994m-words#@kgg1994m#698.068#698.345
780;обрывается;обрывать;VERB;_;Aspect=Imp|Mood=Ind|Number=Sing|Person=3|Tense=Pres|VerbForm=Fin|Voice=Mid;_;_;_;@kgg1994m-words#@kgg1994m#698.345#698.641
781;то;то;PRON;_;Animacy=Inan|Case=Nom|Gender=Neut|Number=Sing;_;_;_;@kgg1994m-words#@kgg1994m#699.384#699.628
782;есть;быть;VERB;_;Aspect=Imp|Mood=Ind|Number=Sing|Person=3|Tense=Pres|VerbForm=Fin|Voice=Act;_;_;_;@kgg1994m-words#@kgg1994m#699.628#699.872
783;/;/;PUNCT;_;_;_;_;_;@kgg1994m-words#@kgg1994m#699.872#700.116
784;была;быть;VERB;_;Aspect=Imp|Gender=Fem|Mood=Ind|Number=Sing|Tense=Past|VerbForm=Fin|Voice=Act;_;_;_;@kgg1994m-words#@kgg1994m#700.116#700.36
785;такая;такой;DET;_;Case=Nom|Gender=Fem|Number=Sing;_;_;_;@kgg1994m-words#@kgg1994m#700.36#700.604
786;идея;идея;NOUN;_;Animacy=Inan|Case=Nom|Gender=Fem|Number=Sing;_;_;_;@kgg1994m-words#@kgg1994m#700.604#700.848
787;/;/;PUNCT;_;_;_;_;_;@kgg1994m-words#@kgg1994m#700.848#701.092
788;просто;просто;PART;_;_;_;_;_;@kgg1994m-words#@kgg1994m#701.092#701.336
789;типа;типа;INTJ;_;_;_;_;_;@kgg1994m-words#@kgg1994m#701.336#701.58
790;т...;т...;X;_;_;_;_;_;@kgg1994m-words#@kgg1994m#701.58#701.824
791;так;так;ADV;_;_;_;_;_;@kgg1994m-words#@kgg1994m#701.824#702.068
792;/;/;PUNCT;_;_;_;_;_;@kgg1994m-words#@kgg1994m#702.068#702.312
793;скомпилировать;скомпилировать;VERB;_;Aspect=Perf|VerbForm=Inf|Voice=Act;_;_;_;@kgg1994m-words#@kgg1994m#702.312#702.556
794;это;это;PRON;_;Animacy=Inan|Case=Acc|Gender=Neut|Number=Sing;_;_;_;@kgg1994m-words#@kgg1994m#702.556#702.8
795;мелодически;мелодически;ADV;_;_;_;_;_;@kgg1994m-words#@kgg1994m#702.8#703.048
796;песня;песня;NOUN;_;Animacy=Inan|Case=Nom|Gender=Fem|Number=Sing;_;_;_;@kgg1994m-words#@kgg1994m#722.336#722.774
797;Вечеринка;вечеринка;PROPN;_;Animacy=Inan|Case=Nom|Gender=Masc|Number=Sing;_;_;_;@kgg1994m-words#@kgg1994m#722.774#723.212
798;/;/;PUNCT;_;_;_;_;_;@kgg1994m-words#@kgg1994m#723.212#723.65
799;в;в;ADP;_;_;_;_;_;@kgg1994m-words#@kgg1994m#723.65#724.088
800;ней;она;PRON;_;Case=Loc|Gender=Fem|Number=Sing|Person=3;_;_;_;@kgg1994m-words#@kgg1994m#724.088#724.526
801;есть;быть;VERB;_;Aspect=Imp|Mood=Ind|Number=Sing|Person=3|Tense=Pres|VerbForm=Fin|Voice=Act;_;_;_;@kgg1994m-words#@kgg1994m#724.526#724.964
802;отсылка;отсылка;NOUN;_;Animacy=Inan|Case=Nom|Gender=Fem|Number=Sing;_;_;_;@kgg1994m-words#@kgg1994m#724.964#725.402
803;/;/;PUNCT;_;_;_;_;_;@kgg1994m-words#@kgg1994m#725.402#725.84
804;к;к;ADP;_;_;_;_;_;@kgg1994m-words#@kgg1994m#725.84#726.278
805;ааа;ааа;INTJ;_;_;_;_;_;@kgg1994m-words#@kgg1994m#726.278#726.716
806;/;/;PUNCT;_;_;_;_;_;@kgg1994m-words#@kgg1994m#726.716#727.154
807;Скриптониту;Скриптонит;PROPN;_;Animacy=Anim|Case=Dat|Gender=Masc|Number=Sing;_;_;_;@kgg1994m-words#@kgg1994m#727.154#727.603
808;у;у;ADP;_;_;_;_;_;@kgg1994m-words#@kgg1994m#727.754#728.013
809;него;он;PRON;_;Case=Gen|Gender=Masc|Number=Sing|Person=3;_;_;_;@kgg1994m-words#@kgg1994m#728.013#728.272
810;есть;быть;VERB;_;Aspect=Imp|Mood=Ind|Number=Sing|Person=3|Tense=Pres|VerbForm=Fin|Voice=Act;_;_;_;@kgg1994m-words#@kgg1994m#728.272#728.531
811;песня;песня;NOUN;_;Animacy=Inan|Case=Nom|Gender=Fem|Number=Sing;_;_;_;@kgg1994m-words#@kgg1994m#728.531#728.79
812;где;где;ADV;_;_;_;_;_;@kgg1994m-words#@kgg1994m#728.79#729.049
813;он;он;PRON;_;Case=Nom|Gender=Masc|Number=Sing|Person=3;_;_;_;@kgg1994m-words#@kgg1994m#729.049#729.308
814;поет;петь;VERB;_;Aspect=Imp|Mood=Ind|Number=Sing|Person=3|Tense=Pres|VerbForm=Fin|Voice=Act;_;_;_;@kgg1994m-words#@kgg1994m#729.308#729.567
815;/;/;PUNCT;_;_;_;_;_;@kgg1994m-words#@kgg1994m#729.567#729.826
816;что;что;SCONJ;_;_;_;_;_;@kgg1994m-words#@kgg1994m#729.826#730.085
817;это;это;PRON;_;Animacy=Inan|Case=Nom|Gender=Neut|Number=Sing;_;_;_;@kgg1994m-words#@kgg1994m#730.085#730.344
818;моя;мой;DET;_;_;_;_;_;@kgg1994m-words#@kgg1994m#730.344#730.603
819;вечеринка;вечеринка;NOUN;_;Animacy=Inan|Case=Nom|Gender=Fem|Number=Sing;_;_;_;@kgg1994m-words#@kgg1994m#730.603#730.862
820;/;/;PUNCT;_;_;_;_;_;@kgg1994m-words#@kgg1994m#730.862#731.121
821;здесь;здесь;ADV;_;_;_;_;_;@kgg1994m-words#@kgg1994m#731.121#731.38
822;собрались;собрать;VERB;_;Aspect=Perf|Mood=Ind|Number=Plur|Tense=Past|VerbForm=Fin|Voice=Mid;_;_;_;@kgg1994m-words#@kgg1994m#731.38#731.639
823;все;весь;DET;_;Case=Nom|Number=Plur;_;_;_;@kgg1994m-words#@kgg1994m#731.639#731.907
824;ааа;ааа;INTJ;_;_;_;_;_;@kgg1994m-words#@kgg1994m#732.457#732.644
825;/;/;PUNCT;_;_;_;_;_;@kgg1994m-words#@kgg1994m#732.644#732.831
826;те;тот;DET;_;Case=Nom|Number=Plur;_;_;_;@kgg1994m-words#@kgg1994m#732.831#733.018
827;/;/;PUNCT;_;_;_;_;_;@kgg1994m-words#@kgg1994m#733.018#733.205
828;кого;кто;PRON;_;Case=Acc;_;_;_;@kgg1994m-words#@kgg1994m#733.205#733.392
829;я;я;PRON;_;Case=Nom|Number=Sing|Person=1;_;_;_;@kgg1994m-words#@kgg1994m#733.392#733.579
830;любил;любить;VERB;_;Aspect=Imp|Gender=Masc|Mood=Ind|Number=Sing|Tense=Past|VerbForm=Fin|Voice=Act;_;_;_;@kgg1994m-words#@kgg1994m#733.579#733.77
831;и;и;CCONJ;_;_;_;_;_;@kgg1994m-words#@kgg1994m#733.932#734.188
832;у;у;ADP;_;_;_;_;_;@kgg1994m-words#@kgg1994m#734.188#734.444
833;нас;мы;PRON;_;Case=Gen|Number=Plur|Person=1;_;_;_;@kgg1994m-words#@kgg1994m#734.444#734.7
834;такой;такой;DET;_;Case=Nom|Gender=Masc|Number=Sing;_;_;_;@kgg1994m-words#@kgg1994m#734.7#734.956
835;обратный;обратный;ADJ;_;Case=Nom|Degree=Pos|Gender=Masc|Number=Sing;_;_;_;@kgg1994m-words#@kgg1994m#735.169#735.606
836;разворот;разворот;NOUN;_;Animacy=Inan|Case=Nom|Gender=Masc|Number=Sing;_;_;_;@kgg1994m-words#@kgg1994m#735.606#736.043
837;этой;этот;DET;_;Case=Gen|Gender=Fem|Number=Sing;_;_;_;@kgg1994m-words#@kgg1994m#736.043#736.48
838;цитаты;цитата;NOUN;_;Animacy=Inan|Case=Gen|Gender=Fem|Number=Sing;_;_;_;@kgg1994m-words#@kgg1994m#736.48#736.918
839;что;что;SCONJ;_;_;_;_;_;@kgg1994m-words#@kgg1994m#737.303#737.535
840;это;это;PRON;_;Animacy=Inan|Case=Nom|Gender=Neut|Number=Sing;_;_;_;@kgg1994m-words#@kgg1994m#737.535#737.767
841;не;не;PART;_;_;_;_;_;@kgg1994m-words#@kgg1994m#737.767#737.999
842;моя;мой;DET;_;Case=Nom|Gender=Fem|Number=Sing;_;_;_;@kgg1994m-words#@kgg1994m#737.999#738.231
843;вечеринка;вечеринка;NOUN;_;Animacy=Inan|Case=Nom|Gender=Fem|Number=Sing;_;_;_;@kgg1994m-words#@kgg1994m#738.231#738.463
844;и;и;CCONJ;_;_;_;_;_;@kgg1994m-words#@kgg1994m#739.193#739.328
845;так;так;ADV;_;_;_;_;_;@kgg1994m-words#@kgg1994m#739.328#739.463
846;далее;далее;ADV;_;_;_;_;_;@kgg1994m-words#@kgg1994m#739.463#739.598
847;/;/;PUNCT;_;_;_;_;_;@kgg1994m-words#@kgg1994m#739.598#739.733
848;и;и;CCONJ;_;_;_;_;_;@kgg1994m-words#@kgg1994m#739.733#739.868
849;так;так;ADV;_;_;_;_;_;@kgg1994m-words#@kgg1994m#739.868#740.003
850;далее;далее;ADV;_;_;_;_;_;@kgg1994m-words#@kgg1994m#740.003#740.14
851;на;на;ADP;_;_;_;_;_;@kgg1994m-words#@kgg1994m#740.924#741.188
852;самом;самый;DET;_;Case=Loc|Degree=Pos|Gender=Neut|Number=Sing;_;_;_;@kgg1994m-words#@kgg1994m#741.188#741.452
853;деле;дело;NOUN;_;Animacy=Inan|Case=Loc|Gender=Neut|Number=Sing;_;_;_;@kgg1994m-words#@kgg1994m#741.452#741.716
854;/;/;PUNCT;_;_;_;_;_;@kgg1994m-words#@kgg1994m#741.716#741.98
855;там;там;ADV;_;_;_;_;_;@kgg1994m-words#@kgg1994m#741.98#742.244
856;много;много;ADV;_;Degree=Pos;_;_;_;@kgg1994m-words#@kgg1994m#742.244#742.508
857;/;/;PUNCT;_;_;_;_;_;@kgg1994m-words#@kgg1994m#742.508#742.772
858;ммм;ммм;INTJ;_;_;_;_;_;@kgg1994m-words#@kgg1994m#742.772#743.036
859;/;/;PUNCT;_;_;_;_;_;@kgg1994m-words#@kgg1994m#743.036#743.3
860;там;там;ADV;_;_;_;_;_;@kgg1994m-words#@kgg1994m#743.3#743.564
861;/;/;PUNCT;_;_;_;_;_;@kgg1994m-words#@kgg1994m#743.564#743.828
862;много;много;ADV;_;Degree=Pos;_;_;_;@kgg1994m-words#@kgg1994m#743.828#744.092
863;маленьких;маленький;ADJ;_;Case=Gen|Degree=Pos|Number=Plur;_;_;_;@kgg1994m-words#@kgg1994m#744.092#744.356
864;музыкальных;музыкальный;ADJ;_;Case=Gen|Degree=Pos|Number=Plur;_;_;_;@kgg1994m-words#@kgg1994m#744.356#744.62
865;отсылочек;отсылочка;NOUN;_;Animacy=Inan|Case=Gen|Gender=Fem|Number=Plur;_;_;_;@kgg1994m-words#@kgg1994m#744.62#744.884
866;/;/;PUNCT;_;_;_;_;_;@kgg1994m-words#@kgg1994m#744.884#745.148
867;как;как;SCONJ;_;_;_;_;_;@kgg1994m-words#@kgg1994m#745.148#745.412
868;бы;бы;PART;_;_;_;_;_;@kgg1994m-words#@kgg1994m#745.412#745.693
869;ааа;ааа;INTJ;_;_;_;_;_;@kgg1994m-words#@kgg1994m#746.062#746.316
870;/;/;PUNCT;_;_;_;_;_;@kgg1994m-words#@kgg1994m#746.316#746.57
871;не;не;PART;_;_;_;_;_;@kgg1994m-words#@kgg1994m#746.57#746.824
872;только;только;PART;_;_;_;_;_;@kgg1994m-words#@kgg1994m#746.824#747.078
873;это;этот;PRON;_;Animacy=Inan|Case=Nom|Gender=Neut|Number=Sing;_;_;_;@kgg1994m-words#@kgg1994m#747.078#747.332
874;/;/;PUNCT;_;_;_;_;_;@kgg1994m-words#@kgg1994m#747.332#747.586
875;и;и;CCONJ;_;_;_;_;_;@kgg1994m-words#@kgg1994m#747.586#747.84
876;/;/;PUNCT;_;_;_;_;_;@kgg1994m-words#@kgg1994m#747.84#748.094
877;типа;типа;INTJ;_;_;_;_;_;@kgg1994m-words#@kgg1994m#748.094#748.348
878;/;/;PUNCT;_;_;_;_;_;@kgg1994m-words#@kgg1994m#748.348#748.602
879;там;там;ADV;_;_;_;_;_;@kgg1994m-words#@kgg1994m#748.602#748.856
880;есть;быть;AUX;_;Aspect=Imp|Mood=Ind|Number=Sing|Person=3|Tense=Pres|VerbForm=Fin|Voice=Act;_;_;_;@kgg1994m-words#@kgg1994m#748.856#749.11
881;менее;менее;ADV;_;_;_;_;_;@kgg1994m-words#@kgg1994m#749.11#749.364
882;очевидные;очевидный;ADJ;_;Animacy=Inan|Case=Acc|Degree=Pos|Number=Plur;_;_;_;@kgg1994m-words#@kgg1994m#749.364#749.618
883;моменты;момент;NOUN;_;Animacy=Inan|Case=Acc|Gender=Masc|Number=Plur;_;_;_;@kgg1994m-words#@kgg1994m#749.618#749.886
884;ааа;ааа;INTJ;_;_;_;_;_;@kgg1994m-words#@kgg1994m#750.337#750.567
885;/;/;PUNCT;_;_;_;_;_;@kgg1994m-words#@kgg1994m#750.567#750.797
886;там;там;ADV;_;_;_;_;_;@kgg1994m-words#@kgg1994m#750.797#751.027
887;/;/;PUNCT;_;_;_;_;_;@kgg1994m-words#@kgg1994m#751.027#751.257
888;в;в;ADP;_;_;_;_;_;@kgg1994m-words#@kgg1994m#751.257#751.487
889;песне;песня;NOUN;_;Animacy=Inan|Case=Loc|Gender=Fem|Number=Sing;_;_;_;@kgg1994m-words#@kgg1994m#751.487#751.717
890;Январь;январь;PROPN;_;Animacy=Inan|Case=Nom|Gender=Masc|Number=Sing;_;_;_;@kgg1994m-words#@kgg1994m#751.717#751.947
891;/;/;PUNCT;_;_;_;_;_;@kgg1994m-words#@kgg1994m#751.947#752.177
892;там;там;ADV;_;_;_;_;_;@kgg1994m-words#@kgg1994m#752.177#752.407
893;в;в;ADP;_;_;_;_;_;@kgg1994m-words#@kgg1994m#752.407#752.637
894;вокальной;вокальный;ADJ;_;Case=Loc|Degree=Pos|Gender=Fem|Number=Sing;_;_;_;@kgg1994m-words#@kgg1994m#752.637#752.867
895;мелодии;мелодия;NOUN;_;Animacy=Inan|Case=Loc|Gender=Fem|Number=Sing;_;_;_;@kgg1994m-words#@kgg1994m#752.867#753.097
896;есть;быть;VERB;_;Aspect=Imp|Mood=Ind|Number=Sing|Person=3|Tense=Pres|VerbForm=Fin|Voice=Act;_;_;_;@kgg1994m-words#@kgg1994m#753.097#753.327
897;отсылка;отсылка;NOUN;_;Animacy=Inan|Case=Nom|Gender=Fem|Number=Sing;_;_;_;@kgg1994m-words#@kgg1994m#753.327#753.557
898;к;к;ADP;_;_;_;_;_;@kgg1994m-words#@kgg1994m#753.557#753.787
899;это..;этот;DET;_;Case=Dat|Gender=Masc|Number=Sing;_;_;_;@kgg1994m-words#@kgg1994m#753.787#754.017
900;/;/;PUNCT;_;_;_;_;_;@kgg1994m-words#@kgg1994m#754.017#754.247
901;к...;к;ADP;_;_;_;_;_;@kgg1994m-words#@kgg1994m#754.247#754.477
902;к;к;ADP;_;_;_;_;_;@kgg1994m-words#@kgg1994m#754.477#754.707
903;этому;этот;DET;_;Case=Dat|Gender=Masc|Number=Sing;_;_;_;@kgg1994m-words#@kgg1994m#754.707#754.937
904;же;же;PART;_;_;_;_;_;@kgg1994m-words#@kgg1994m#754.937#755.167
905;треку;трек;NOUN;_;Animacy=Inan|Case=Dat|Gender=Masc|Number=Sing;_;_;_;@kgg1994m-words#@kgg1994m#755.167#755.397
906;/;/;PUNCT;_;_;_;_;_;@kgg1994m-words#@kgg1994m#755.397#755.627
907;к;к;ADP;_;_;_;_;_;@kgg1994m-words#@kgg1994m#755.627#755.857
908;с...;Скриптонит;PROPN;_;Animacy=Anim|Case=Gen|Gender=Masc|Number=Sing;_;_;_;@kgg1994m-words#@kgg1994m#755.857#756.087
909;#усмешка#;#усмешка#;X;_;_;_;_;_;@kgg1994m-words#@kgg1994m#756.087#756.317
910;/;/;PUNCT;_;_;_;_;_;@kgg1994m-words#@kgg1994m#756.317#756.547
911;Скриптонита;Скриптонит;PROPN;_;Animacy=Anim|Case=Gen|Gender=Masc|Number=Sing;_;_;_;@kgg1994m-words#@kgg1994m#756.547#756.782
912;ааа;ааа;INTJ;_;_;_;_;_;@kgg1994m-words#@kgg1994m#757.526#758.336
913;там;там;ADV;_;_;_;_;_;@kgg1994m-words#@kgg1994m#758.479#759.368
914;мы;мы;PRON;_;Case=Nom|Number=Plur|Person=1;_;_;_;@kgg1994m-words#@kgg1994m#759.554#759.852
915;в;в;ADP;_;_;_;_;_;@kgg1994m-words#@kgg1994m#759.852#760.15
916;шу...;шутка;NOUN;_;Animacy=Inan|Case=Acc|Gender=Fem|Number=Sing;_;_;_;@kgg1994m-words#@kgg1994m#760.15#760.448
917;/;/;PUNCT;_;_;_;_;_;@kgg1994m-words#@kgg1994m#760.448#760.746
918;в;в;ADP;_;_;_;_;_;@kgg1994m-words#@kgg1994m#760.746#761.044
919;шутку;шутка;NOUN;_;Animacy=Inan|Case=Acc|Gender=Fem|Number=Sing;_;_;_;@kgg1994m-words#@kgg1994m#761.044#761.342
920;украли;украсть;VERB;_;Aspect=Perf|Mood=Ind|Number=Plur|Tense=Past|VerbForm=Fin|Voice=Act;_;_;_;@kgg1994m-words#@kgg1994m#761.342#761.64
921;соло;соло;NOUN;_;Animacy=Inan|Case=Nom|Gender=Neut|Number=Sing;_;_;_;@kgg1994m-words#@kgg1994m#761.64#761.938
922;ааа;ааа;INTJ;_;_;_;_;_;@kgg1994m-words#@kgg1994m#761.938#762.242
923;у;у;ADP;_;_;_;_;_;@kgg1994m-words#@kgg1994m#762.333#762.699
924;/;/;PUNCT;_;_;_;_;_;@kgg1994m-words#@kgg1994m#762.699#763.065
925;Джеймса;Джеймс;PROPN;_;Animacy=Anim|Case=Acc|Gender=Masc|Number=Sing;_;_;_;@kgg1994m-words#@kgg1994m#763.065#763.431
926;Бланта;Блант;PROPN;_;Animacy=Anim|Case=Acc|Gender=Masc|Number=Sing;_;_;_;@kgg1994m-words#@kgg1994m#763.431#763.798
927;всякие;всякий;DET;_;Case=Nom|Number=Plur;_;_;_;@kgg1994m-words#@kgg1994m#764.962#765.304
928;такие;такой;DET;_;Case=Nom|Number=Plur;_;_;_;@kgg1994m-words#@kgg1994m#765.304#765.646
929;глупости;глупость;NOUN;_;Animacy=Inan|Case=Nom|Gender=Fem|Number=Plur;_;_;_;@kgg1994m-words#@kgg1994m#765.646#765.99
